Id,Instrument
1,
2,
3,
4,EnglishHorn
5,
6,
7,
8,
9,SynthBass
10,
11,
12,
13,
14,
15,
16,
17,Frenchhorn
18,Flute
19,
20,
21,
22,
23,
24,
25,Frenchhorn
26,Flute
27,
28,Piccolo
29,
30,
31,
32,
33,
34,
35,
36,
37,
38,
39,Flute
40,
41,
42,
43,
44,
45,
46,EnglishHorn
47,Piccolo
48,
49,
50,
51,
52,
53,Flute
54,
55,Piccolo
56,
57,
58,
59,Bassoon
60,
61,Piccolo
62,
63,
64,
65,
66,
67,
68,Flute
69,
70,
71,
72,
73,Flute
74,Flute
75,
76,
77,Flute
78,
79,
80,
81,
82,
83,
84,
85,Bassoon
86,Bassoon
87,Bassoon
88,Frenchhorn
89,
90,
91,
92,
93,Flute
94,Bassoon
95,Flute
96,
97,
98,
99,SynthBass
100,Bassoon
101,Flute
102,
103,
104,
105,
106,
107,EnglishHorn
108,EnglishHorn
109,
110,
111,
112,
113,
114,
115,
116,
117,Flute
118,
119,
120,
121,Flute
122,
123,
124,Bassoon
125,Flute
126,
127,
128,Flute
129,
130,
131,Bassoon
132,
133,
134,
135,
136,
137,EnglishHorn
138,
139,Bassoon
140,
141,
142,
143,
144,
145,Flute
146,
147,Flute
148,Flute
149,
150,
151,
152,
153,
154,
155,
156,
157,Bassoon
158,
159,
160,
161,Piccolo
162,Bassoon
163,
164,
165,Flute
166,
167,
168,Piccolo
169,
170,Bassoon
171,
172,
173,EnglishHorn
174,
175,Flute
176,
177,
178,Flute
179,
180,
181,Piccolo
182,
183,
184,
185,
186,Frenchhorn
187,Flute
188,
189,
190,
191,
192,EnglishHorn
193,
194,
195,Flute
196,
197,
198,
199,
200,
201,
202,
203,
204,Flute
205,
206,
207,Bassoon
208,
209,
210,
211,Piccolo
212,Flute
213,
214,
215,Piccolo
216,
217,
218,
219,
220,
221,
222,
223,
224,
225,
226,
227,Flute
228,
229,Bassoon
230,
231,Flute
232,
233,
234,
235,
236,Piccolo
237,
238,
239,
240,
241,
242,
243,
244,
245,
246,
247,
248,
249,
250,
251,Bassoon
252,
253,Piccolo
254,
255,
256,
257,
258,
259,Frenchhorn
260,
261,
262,
263,Flute
264,
265,
266,
267,
268,
269,
270,
271,Bassoon
272,
273,
274,
275,
276,
277,
278,
279,
280,
281,
282,
283,
284,
285,
286,
287,
288,
289,Flute
290,
291,
292,
293,
294,
295,
296,
297,Piccolo
298,
299,
300,Flute
301,
302,
303,
304,Bassoon
305,
306,
307,
308,Bassoon
309,
310,Bassoon
311,Flute
312,Frenchhorn
313,
314,Piccolo
315,
316,Flute
317,
318,
319,
320,
321,
322,Flute
323,
324,
325,
326,Bassoon
327,
328,
329,Frenchhorn
330,
331,Flute
332,
333,
334,Flute
335,
336,
337,Flute
338,Piccolo
339,
340,
341,SynthBass
342,
343,
344,
345,Bassoon
346,
347,
348,EnglishHorn
349,EnglishHorn
350,Piccolo
351,
352,
353,
354,Piccolo
355,
356,
357,SynthBass
358,
359,
360,
361,Flute
362,
363,
364,
365,
366,
367,
368,Flute
369,
370,Frenchhorn
371,
372,
373,Frenchhorn
374,
375,
376,Bassoon
377,Bassoon
378,Bassoon
379,
380,Flute
381,
382,
383,
384,Bassoon
385,
386,
387,
388,
389,
390,
391,
392,
393,
394,
395,
396,Flute
397,
398,
399,
400,
401,
402,
403,
404,
405,Flute
406,
407,
408,Bassoon
409,
410,
411,
412,Flute
413,Bassoon
414,
415,
416,
417,Bassoon
418,
419,
420,
421,
422,SynthBass
423,Bassoon
424,
425,SynthBass
426,
427,
428,Piccolo
429,
430,
431,
432,Bassoon
433,
434,
435,
436,
437,
438,Flute
439,
440,
441,Bassoon
442,
443,EnglishHorn
444,
445,
446,
447,
448,
449,
450,
451,
452,
453,EnglishHorn
454,Flute
455,
456,
457,
458,Flute
459,Flute
460,
461,
462,
463,
464,
465,Flute
466,Flute
467,
468,
469,
470,
471,
472,
473,
474,
475,
476,Bassoon
477,
478,Flute
479,
480,EnglishHorn
481,Piccolo
482,
483,
484,
485,Bassoon
486,
487,Bassoon
488,
489,
490,Bassoon
491,
492,
493,
494,
495,
496,
497,Flute
498,
499,Flute
500,
501,
502,
503,
504,Piccolo
505,
506,Flute
507,
508,Flute
509,Bassoon
510,
511,
512,Piccolo
513,
514,
515,Bassoon
516,
517,
518,
519,SynthBass
520,
521,
522,
523,Bassoon
524,
525,
526,
527,
528,
529,
530,Flute
531,Flute
532,
533,
534,
535,
536,Flute
537,Frenchhorn
538,
539,
540,
541,
542,
543,
544,Bassoon
545,Bassoon
546,
547,
548,
549,
550,Flute
551,
552,
553,
554,
555,
556,
557,
558,
559,
560,
561,
562,
563,
564,Bassoon
565,
566,
567,
568,
569,
570,
571,
572,
573,
574,Piccolo
575,Flute
576,Bassoon
577,Piccolo
578,
579,
580,
581,Flute
582,
583,
584,
585,Frenchhorn
586,
587,Flute
588,
589,
590,
591,
592,
593,
594,
595,Flute
596,
597,Bassoon
598,
599,
600,EnglishHorn
601,Bassoon
602,Flute
603,
604,
605,Bassoon
606,
607,
608,
609,Bassoon
610,Bassoon
611,
612,EnglishHorn
613,
614,
615,
616,
617,
618,
619,
620,
621,
622,
623,
624,
625,
626,
627,Flute
628,
629,
630,Flute
631,
632,
633,
634,
635,Flute
636,Flute
637,
638,
639,
640,
641,
642,
643,
644,
645,Bassoon
646,
647,
648,Frenchhorn
649,
650,
651,
652,Frenchhorn
653,
654,
655,
656,
657,Frenchhorn
658,
659,
660,
661,Flute
662,Bassoon
663,
664,Flute
665,
666,
667,Flute
668,
669,
670,Piccolo
671,
672,
673,
674,
675,
676,EnglishHorn
677,
678,
679,
680,
681,
682,
683,
684,Bassoon
685,
686,Piccolo
687,
688,
689,
690,
691,
692,Flute
693,
694,Bassoon
695,Bassoon
696,
697,
698,Flute
699,Frenchhorn
700,Bassoon
701,
702,Bassoon
703,
704,
705,
706,
707,
708,Piccolo
709,
710,
711,
712,
713,
714,
715,
716,
717,Bassoon
718,Frenchhorn
719,
720,Frenchhorn
721,Bassoon
722,
723,
724,
725,
726,
727,
728,
729,
730,
731,
732,
733,
734,
735,
736,
737,
738,Bassoon
739,
740,
741,
742,
743,Frenchhorn
744,
745,Flute
746,
747,
748,
749,
750,
751,
752,
753,Bassoon
754,
755,
756,
757,
758,Bassoon
759,Frenchhorn
760,Flute
761,SynthBass
762,Frenchhorn
763,
764,
765,
766,Bassoon
767,
768,
769,
770,
771,Bassoon
772,
773,Bassoon
774,
775,
776,EnglishHorn
777,
778,Flute
779,
780,
781,
782,
783,
784,
785,
786,
787,Flute
788,
789,
790,Frenchhorn
791,
792,
793,Bassoon
794,
795,
796,
797,
798,Bassoon
799,
800,SynthBass
801,
802,
803,Bassoon
804,
805,
806,
807,
808,
809,
810,Bassoon
811,Frenchhorn
812,
813,
814,
815,
816,
817,Bassoon
818,
819,
820,
821,
822,
823,Flute
824,
825,
826,
827,
828,
829,Flute
830,
831,
832,
833,Bassoon
834,
835,
836,
837,
838,
839,
840,
841,Flute
842,
843,Bassoon
844,
845,SynthBass
846,Bassoon
847,Flute
848,Frenchhorn
849,Bassoon
850,Bassoon
851,
852,Bassoon
853,SynthBass
854,
855,
856,
857,
858,
859,Flute
860,
861,
862,Flute
863,
864,
865,
866,
867,
868,
869,Flute
870,
871,
872,
873,Flute
874,
875,
876,
877,
878,
879,Flute
880,
881,
882,
883,
884,Bassoon
885,
886,Frenchhorn
887,
888,Frenchhorn
889,
890,
891,
892,
893,
894,
895,
896,
897,
898,
899,
900,
901,
902,
903,
904,
905,
906,
907,
908,
909,
910,
911,Flute
912,
913,
914,
915,
916,
917,
918,Frenchhorn
919,
920,Frenchhorn
921,Bassoon
922,
923,
924,
925,
926,Bassoon
927,
928,
929,
930,
931,
932,
933,Piccolo
934,Bassoon
935,
936,
937,
938,
939,
940,
941,
942,Flute
943,
944,
945,
946,
947,
948,
949,
950,
951,
952,
953,
954,
955,
956,
957,
958,
959,Flute
960,
961,
962,
963,Bassoon
964,Flute
965,Flute
966,
967,
968,
969,
970,
971,
972,
973,
974,
975,Flute
976,
977,Frenchhorn
978,
979,
980,
981,
982,
983,Piccolo
984,
985,
986,
987,
988,
989,
990,
991,Flute
992,
993,Flute
994,
995,SynthBass
996,Flute
997,
998,Piccolo
999,Piccolo
1000,
1001,
1002,Bassoon
1003,Flute
1004,Flute
1005,
1006,
1007,Piccolo
1008,
1009,Flute
1010,
1011,Flute
1012,
1013,
1014,
1015,
1016,
1017,
1018,
1019,
1020,
1021,Piccolo
1022,Flute
1023,Frenchhorn
1024,Flute
1025,Bassoon
1026,
1027,
1028,
1029,
1030,
1031,
1032,Bassoon
1033,
1034,
1035,
1036,
1037,
1038,
1039,
1040,Bassoon
1041,
1042,Flute
1043,
1044,Flute
1045,
1046,Flute
1047,Bassoon
1048,
1049,
1050,
1051,
1052,
1053,
1054,
1055,
1056,
1057,
1058,Frenchhorn
1059,
1060,
1061,
1062,
1063,Flute
1064,
1065,
1066,
1067,
1068,Bassoon
1069,
1070,Bassoon
1071,
1072,
1073,
1074,
1075,
1076,Bassoon
1077,EnglishHorn
1078,EnglishHorn
1079,
1080,
1081,
1082,
1083,
1084,
1085,Piccolo
1086,
1087,
1088,
1089,
1090,
1091,
1092,
1093,
1094,
1095,
1096,
1097,Flute
1098,
1099,Piccolo
1100,
1101,
1102,
1103,
1104,
1105,
1106,
1107,
1108,
1109,
1110,
1111,Flute
1112,
1113,
1114,Flute
1115,
1116,
1117,
1118,
1119,Flute
1120,
1121,
1122,
1123,Flute
1124,
1125,
1126,
1127,
1128,
1129,
1130,Frenchhorn
1131,
1132,
1133,
1134,
1135,Bassoon
1136,
1137,
1138,
1139,
1140,
1141,Bassoon
1142,Piccolo
1143,
1144,
1145,
1146,Piccolo
1147,
1148,
1149,Piccolo
1150,
1151,
1152,
1153,Bassoon
1154,Frenchhorn
1155,
1156,
1157,Frenchhorn
1158,Flute
1159,
1160,Bassoon
1161,EnglishHorn
1162,
1163,
1164,
1165,Piccolo
1166,Frenchhorn
1167,
1168,
1169,Bassoon
1170,
1171,
1172,
1173,Flute
1174,Flute
1175,Bassoon
1176,
1177,
1178,EnglishHorn
1179,
1180,
1181,
1182,
1183,
1184,
1185,Piccolo
1186,Piccolo
1187,
1188,
1189,Bassoon
1190,Flute
1191,
1192,
1193,
1194,
1195,
1196,
1197,Flute
1198,
1199,Bassoon
1200,
1201,
1202,
1203,
1204,Flute
1205,Flute
1206,
1207,
1208,
1209,
1210,
1211,
1212,Flute
1213,
1214,
1215,
1216,
1217,Flute
1218,
1219,
1220,
1221,
1222,
1223,
1224,
1225,
1226,
1227,Flute
1228,
1229,
1230,Bassoon
1231,
1232,
1233,Piccolo
1234,
1235,
1236,
1237,
1238,
1239,
1240,SynthBass
1241,
1242,
1243,
1244,
1245,
1246,
1247,EnglishHorn
1248,
1249,
1250,
1251,SynthBass
1252,
1253,
1254,
1255,
1256,Piccolo
1257,Piccolo
1258,
1259,Piccolo
1260,Flute
1261,
1262,
1263,
1264,
1265,
1266,EnglishHorn
1267,
1268,Flute
1269,
1270,
1271,Bassoon
1272,
1273,
1274,
1275,
1276,
1277,
1278,
1279,
1280,
1281,
1282,
1283,
1284,
1285,
1286,
1287,Bassoon
1288,
1289,
1290,Piccolo
1291,
1292,
1293,EnglishHorn
1294,EnglishHorn
1295,
1296,
1297,
1298,
1299,Frenchhorn
1300,Flute
1301,
1302,
1303,
1304,
1305,
1306,Bassoon
1307,
1308,
1309,
1310,SynthBass
1311,
1312,
1313,
1314,
1315,
1316,
1317,
1318,
1319,
1320,
1321,
1322,EnglishHorn
1323,
1324,
1325,
1326,
1327,
1328,
1329,Bassoon
1330,
1331,
1332,
1333,
1334,
1335,
1336,
1337,SynthBass
1338,Bassoon
1339,
1340,
1341,
1342,Frenchhorn
1343,
1344,
1345,
1346,
1347,
1348,
1349,
1350,
1351,
1352,
1353,Piccolo
1354,
1355,
1356,
1357,
1358,
1359,
1360,
1361,
1362,
1363,
1364,
1365,
1366,
1367,
1368,
1369,
1370,Flute
1371,Bassoon
1372,
1373,
1374,
1375,
1376,
1377,
1378,Frenchhorn
1379,
1380,Frenchhorn
1381,
1382,Bassoon
1383,
1384,
1385,Flute
1386,
1387,
1388,
1389,
1390,
1391,
1392,Piccolo
1393,
1394,
1395,Flute
1396,EnglishHorn
1397,
1398,
1399,
1400,
1401,
1402,
1403,Frenchhorn
1404,Flute
1405,
1406,Frenchhorn
1407,
1408,
1409,
1410,
1411,
1412,Piccolo
1413,
1414,EnglishHorn
1415,
1416,Bassoon
1417,
1418,
1419,
1420,
1421,
1422,
1423,
1424,
1425,
1426,
1427,
1428,Flute
1429,Bassoon
1430,
1431,
1432,
1433,Flute
1434,
1435,
1436,
1437,
1438,
1439,
1440,
1441,
1442,Piccolo
1443,
1444,
1445,
1446,
1447,
1448,
1449,
1450,
1451,
1452,
1453,
1454,
1455,
1456,
1457,Flute
1458,
1459,
1460,Bassoon
1461,
1462,
1463,
1464,
1465,Bassoon
1466,Flute
1467,Bassoon
1468,
1469,Flute
1470,Bassoon
1471,Flute
1472,
1473,
1474,
1475,
1476,
1477,
1478,
1479,
1480,
1481,Bassoon
1482,
1483,
1484,
1485,
1486,
1487,
1488,
1489,
1490,
1491,EnglishHorn
1492,
1493,Bassoon
1494,
1495,Flute
1496,
1497,Flute
1498,
1499,
1500,
1501,
1502,
1503,Flute
1504,
1505,Flute
1506,
1507,
1508,Frenchhorn
1509,
1510,Flute
1511,
1512,
1513,
1514,Piccolo
1515,Flute
1516,
1517,Frenchhorn
1518,
1519,
1520,
1521,Bassoon
1522,
1523,
1524,
1525,
1526,Piccolo
1527,
1528,
1529,
1530,
1531,
1532,
1533,
1534,
1535,
1536,
1537,
1538,
1539,Flute
1540,Flute
1541,
1542,
1543,
1544,
1545,
1546,
1547,Bassoon
1548,
1549,
1550,
1551,
1552,
1553,
1554,
1555,Flute
1556,
1557,Frenchhorn
1558,
1559,
1560,
1561,
1562,SynthBass
1563,
1564,
1565,Flute
1566,Bassoon
1567,
1568,
1569,Bassoon
1570,
1571,Flute
1572,
1573,
1574,Flute
1575,
1576,
1577,
1578,
1579,
1580,Flute
1581,
1582,
1583,Frenchhorn
1584,
1585,
1586,
1587,
1588,Flute
1589,
1590,
1591,
1592,
1593,
1594,
1595,Flute
1596,Flute
1597,
1598,
1599,
1600,Piccolo
1601,Bassoon
1602,
1603,
1604,Flute
1605,
1606,Flute
1607,EnglishHorn
1608,Bassoon
1609,
1610,
1611,Bassoon
1612,
1613,
1614,
1615,
1616,
1617,Flute
1618,
1619,
1620,
1621,Bassoon
1622,Flute
1623,
1624,Flute
1625,Flute
1626,Bassoon
1627,
1628,Frenchhorn
1629,
1630,
1631,
1632,
1633,
1634,
1635,
1636,Bassoon
1637,
1638,
1639,
1640,Flute
1641,
1642,
1643,Bassoon
1644,
1645,Frenchhorn
1646,EnglishHorn
1647,
1648,
1649,
1650,
1651,
1652,Flute
1653,
1654,
1655,
1656,Piccolo
1657,
1658,
1659,
1660,Bassoon
1661,
1662,Frenchhorn
1663,
1664,
1665,Frenchhorn
1666,
1667,
1668,
1669,Bassoon
1670,
1671,
1672,
1673,Piccolo
1674,Flute
1675,
1676,
1677,
1678,Flute
1679,
1680,Frenchhorn
1681,Flute
1682,
1683,
1684,Flute
1685,
1686,
1687,
1688,
1689,
1690,Flute
1691,
1692,
1693,
1694,
1695,Flute
1696,
1697,
1698,
1699,
1700,EnglishHorn
1701,
1702,
1703,
1704,Bassoon
1705,
1706,
1707,
1708,Bassoon
1709,Bassoon
1710,
1711,
1712,
1713,
1714,
1715,
1716,
1717,
1718,Frenchhorn
1719,
1720,
1721,
1722,
1723,Frenchhorn
1724,Piccolo
1725,
1726,
1727,
1728,Flute
1729,
1730,
1731,Piccolo
1732,Flute
1733,Frenchhorn
1734,
1735,
1736,
1737,
1738,
1739,
1740,
1741,
1742,
1743,
1744,Bassoon
1745,
1746,
1747,Flute
1748,
1749,Flute
1750,
1751,
1752,
1753,
1754,
1755,
1756,
1757,
1758,Flute
1759,
1760,
1761,
1762,
1763,
1764,
1765,
1766,
1767,
1768,Frenchhorn
1769,Piccolo
1770,
1771,
1772,SynthBass
1773,
1774,
1775,Bassoon
1776,
1777,Frenchhorn
1778,
1779,
1780,
1781,
1782,
1783,Piccolo
1784,Flute
1785,
1786,
1787,Flute
1788,
1789,
1790,
1791,Bassoon
1792,
1793,
1794,
1795,
1796,
1797,
1798,
1799,
1800,
1801,
1802,Flute
1803,Flute
1804,
1805,
1806,
1807,
1808,
1809,
1810,
1811,
1812,
1813,
1814,
1815,
1816,
1817,
1818,Flute
1819,
1820,
1821,
1822,
1823,
1824,
1825,
1826,
1827,
1828,
1829,
1830,
1831,
1832,Bassoon
1833,
1834,
1835,Piccolo
1836,Frenchhorn
1837,
1838,Frenchhorn
1839,SynthBass
1840,
1841,
1842,
1843,
1844,
1845,
1846,
1847,
1848,
1849,
1850,
1851,
1852,
1853,
1854,
1855,
1856,
1857,
1858,
1859,
1860,
1861,
1862,Flute
1863,
1864,
1865,EnglishHorn
1866,
1867,
1868,Flute
1869,Bassoon
1870,
1871,
1872,
1873,
1874,
1875,EnglishHorn
1876,
1877,Bassoon
1878,
1879,Bassoon
1880,Piccolo
1881,
1882,
1883,Piccolo
1884,
1885,
1886,
1887,Flute
1888,
1889,
1890,
1891,
1892,
1893,
1894,
1895,
1896,
1897,Bassoon
1898,
1899,
1900,Flute
1901,Bassoon
1902,
1903,EnglishHorn
1904,
1905,
1906,
1907,Flute
1908,
1909,Frenchhorn
1910,
1911,
1912,
1913,
1914,
1915,
1916,Flute
1917,Bassoon
1918,
1919,
1920,
1921,Piccolo
1922,Flute
1923,
1924,
1925,
1926,
1927,
1928,
1929,
1930,
1931,Flute
1932,EnglishHorn
1933,Flute
1934,
1935,
1936,Flute
1937,
1938,
1939,
1940,
1941,
1942,
1943,
1944,
1945,Bassoon
1946,
1947,
1948,
1949,
1950,
1951,
1952,Flute
1953,
1954,
1955,
1956,
1957,
1958,
1959,
1960,
1961,
1962,SynthBass
1963,
1964,Piccolo
1965,
1966,
1967,
1968,
1969,
1970,
1971,
1972,
1973,Bassoon
1974,
1975,
1976,
1977,
1978,
1979,
1980,
1981,Flute
1982,
1983,
1984,
1985,
1986,
1987,
1988,
1989,
1990,Piccolo
1991,
1992,
1993,
1994,
1995,
1996,Flute
1997,Flute
1998,
1999,
2000,EnglishHorn
2001,
2002,
2003,
2004,
2005,
2006,Flute
2007,Bassoon
2008,Flute
2009,
2010,
2011,Bassoon
2012,Piccolo
2013,
2014,
2015,Piccolo
2016,Bassoon
2017,
2018,Bassoon
2019,
2020,
2021,
2022,Flute
2023,Flute
2024,EnglishHorn
2025,Frenchhorn
2026,
2027,
2028,Bassoon
2029,
2030,
2031,
2032,
2033,EnglishHorn
2034,Flute
2035,
2036,Flute
2037,
2038,
2039,Piccolo
2040,
2041,
2042,
2043,
2044,
2045,
2046,
2047,Bassoon
2048,
2049,
2050,
2051,Flute
2052,
2053,
2054,
2055,Bassoon
2056,Bassoon
2057,Frenchhorn
2058,
2059,Flute
2060,
2061,Flute
2062,
2063,
2064,
2065,
2066,
2067,
2068,
2069,
2070,
2071,
2072,
2073,
2074,
2075,Frenchhorn
2076,
2077,
2078,Flute
2079,Bassoon
2080,
2081,
2082,
2083,
2084,
2085,
2086,
2087,
2088,
2089,
2090,
2091,Bassoon
2092,Flute
2093,
2094,
2095,
2096,
2097,Flute
2098,
2099,
2100,
2101,
2102,
2103,Bassoon
2104,
2105,
2106,
2107,
2108,
2109,
2110,
2111,
2112,
2113,
2114,Bassoon
2115,Flute
2116,
2117,Flute
2118,
2119,
2120,
2121,
2122,
2123,
2124,
2125,
2126,
2127,
2128,
2129,
2130,
2131,Bassoon
2132,
2133,
2134,Flute
2135,
2136,
2137,
2138,
2139,
2140,SynthBass
2141,
2142,Frenchhorn
2143,
2144,SynthBass
2145,
2146,
2147,Piccolo
2148,Bassoon
2149,
2150,
2151,
2152,SynthBass
2153,
2154,
2155,
2156,
2157,
2158,
2159,Piccolo
2160,
2161,
2162,
2163,
2164,Flute
2165,Flute
2166,
2167,Flute
2168,Frenchhorn
2169,Bassoon
2170,
2171,
2172,
2173,
2174,
2175,
2176,Bassoon
2177,Flute
2178,
2179,
2180,
2181,
2182,
2183,
2184,
2185,
2186,
2187,
2188,
2189,
2190,
2191,
2192,
2193,Flute
2194,
2195,
2196,Flute
2197,Flute
2198,
2199,Flute
2200,
2201,
2202,Bassoon
2203,Piccolo
2204,
2205,EnglishHorn
2206,Flute
2207,Bassoon
2208,SynthBass
2209,
2210,
2211,Flute
2212,
2213,
2214,Bassoon
2215,
2216,
2217,
2218,
2219,EnglishHorn
2220,
2221,
2222,
2223,
2224,
2225,
2226,
2227,
2228,
2229,
2230,
2231,
2232,
2233,
2234,
2235,EnglishHorn
2236,Frenchhorn
2237,
2238,
2239,
2240,
2241,
2242,Bassoon
2243,
2244,Frenchhorn
2245,
2246,Bassoon
2247,
2248,Bassoon
2249,
2250,
2251,
2252,
2253,Frenchhorn
2254,Bassoon
2255,
2256,
2257,
2258,
2259,Flute
2260,Flute
2261,
2262,Flute
2263,Bassoon
2264,Flute
2265,Bassoon
2266,
2267,
2268,Frenchhorn
2269,
2270,
2271,
2272,
2273,
2274,
2275,
2276,
2277,Flute
2278,
2279,
2280,
2281,
2282,
2283,SynthBass
2284,
2285,
2286,Bassoon
2287,
2288,
2289,
2290,Bassoon
2291,
2292,
2293,Bassoon
2294,
2295,
2296,Bassoon
2297,Bassoon
2298,Frenchhorn
2299,
2300,Bassoon
2301,
2302,
2303,
2304,
2305,
2306,
2307,
2308,
2309,Piccolo
2310,Piccolo
2311,
2312,
2313,
2314,
2315,
2316,Piccolo
2317,
2318,Flute
2319,
2320,EnglishHorn
2321,
2322,Frenchhorn
2323,
2324,
2325,Bassoon
2326,
2327,
2328,
2329,
2330,
2331,
2332,
2333,
2334,
2335,
2336,
2337,Flute
2338,
2339,Flute
2340,Flute
2341,
2342,
2343,
2344,
2345,
2346,
2347,Bassoon
2348,Flute
2349,Piccolo
2350,Piccolo
2351,
2352,
2353,
2354,
2355,
2356,
2357,
2358,
2359,
2360,
2361,
2362,
2363,Flute
2364,
2365,
2366,
2367,Frenchhorn
2368,
2369,Bassoon
2370,Frenchhorn
2371,
2372,
2373,Flute
2374,Bassoon
2375,Bassoon
2376,
2377,
2378,
2379,Piccolo
2380,
2381,
2382,Piccolo
2383,
2384,Piccolo
2385,SynthBass
2386,
2387,EnglishHorn
2388,Bassoon
2389,Flute
2390,Flute
2391,
2392,
2393,
2394,
2395,Flute
2396,
2397,
2398,
2399,
2400,EnglishHorn
2401,
2402,
2403,
2404,
2405,
2406,Bassoon
2407,
2408,
2409,Bassoon
2410,
2411,
2412,
2413,
2414,
2415,Frenchhorn
2416,
2417,
2418,Bassoon
2419,Flute
2420,
2421,Flute
2422,
2423,
2424,
2425,
2426,Flute
2427,
2428,
2429,
2430,
2431,
2432,Frenchhorn
2433,
2434,
2435,
2436,Flute
2437,
2438,
2439,
2440,
2441,
2442,
2443,
2444,
2445,
2446,Flute
2447,
2448,SynthBass
2449,Frenchhorn
2450,
2451,
2452,
2453,Frenchhorn
2454,Flute
2455,Piccolo
2456,
2457,Piccolo
2458,Bassoon
2459,Flute
2460,Bassoon
2461,
2462,
2463,EnglishHorn
2464,Frenchhorn
2465,
2466,
2467,Bassoon
2468,
2469,
2470,
2471,
2472,
2473,Bassoon
2474,
2475,
2476,
2477,
2478,
2479,
2480,Flute
2481,
2482,
2483,
2484,
2485,Flute
2486,Flute
2487,
2488,Bassoon
2489,
2490,Bassoon
2491,
2492,
2493,Piccolo
2494,
2495,Frenchhorn
2496,
2497,
2498,
2499,
2500,Bassoon
2501,
2502,SynthBass
2503,
2504,Flute
2505,
2506,
2507,EnglishHorn
2508,
2509,
2510,
2511,
2512,
2513,
2514,Frenchhorn
2515,
2516,
2517,
2518,
2519,
2520,
2521,
2522,
2523,
2524,
2525,
2526,
2527,Flute
2528,Bassoon
2529,
2530,
2531,
2532,
2533,
2534,Flute
2535,
2536,
2537,
2538,
2539,
2540,
2541,
2542,Flute
2543,
2544,
2545,
2546,
2547,
2548,
2549,
2550,
2551,
2552,
2553,
2554,
2555,
2556,
2557,
2558,
2559,
2560,SynthBass
2561,
2562,Bassoon
2563,
2564,
2565,
2566,
2567,
2568,
2569,
2570,
2571,
2572,
2573,
2574,
2575,
2576,
2577,
2578,
2579,Bassoon
2580,
2581,Flute
2582,Flute
2583,Flute
2584,SynthBass
2585,Flute
2586,
2587,
2588,
2589,
2590,
2591,Frenchhorn
2592,
2593,
2594,
2595,Bassoon
2596,
2597,Frenchhorn
2598,
2599,
2600,
2601,
2602,Flute
2603,
2604,
2605,Bassoon
2606,Bassoon
2607,
2608,
2609,
2610,Flute
2611,
2612,
2613,
2614,
2615,
2616,
2617,
2618,
2619,
2620,
2621,Bassoon
2622,
2623,
2624,
2625,
2626,Piccolo
2627,
2628,
2629,
2630,Bassoon
2631,Piccolo
2632,
2633,Flute
2634,Piccolo
2635,Bassoon
2636,Flute
2637,
2638,
2639,
2640,
2641,
2642,
2643,
2644,Piccolo
2645,
2646,Piccolo
2647,
2648,
2649,
2650,
2651,
2652,Frenchhorn
2653,Flute
2654,
2655,EnglishHorn
2656,SynthBass
2657,
2658,
2659,
2660,
2661,
2662,
2663,
2664,
2665,Piccolo
2666,
2667,
2668,Bassoon
2669,
2670,Piccolo
2671,
2672,
2673,
2674,
2675,
2676,
2677,
2678,
2679,
2680,Frenchhorn
2681,
2682,
2683,
2684,
2685,
2686,
2687,Bassoon
2688,Flute
2689,
2690,
2691,Flute
2692,Frenchhorn
2693,Piccolo
2694,Flute
2695,
2696,
2697,
2698,
2699,Flute
2700,
2701,
2702,EnglishHorn
2703,
2704,
2705,
2706,
2707,
2708,
2709,Bassoon
2710,
2711,
2712,
2713,EnglishHorn
2714,Piccolo
2715,
2716,
2717,
2718,Flute
2719,
2720,
2721,Bassoon
2722,
2723,
2724,Flute
2725,
2726,
2727,Piccolo
2728,
2729,Bassoon
2730,
2731,
2732,
2733,
2734,Bassoon
2735,
2736,
2737,
2738,
2739,
2740,
2741,
2742,
2743,
2744,
2745,Flute
2746,
2747,Frenchhorn
2748,
2749,Flute
2750,
2751,Flute
2752,
2753,Bassoon
2754,Frenchhorn
2755,
2756,
2757,
2758,Bassoon
2759,
2760,
2761,
2762,
2763,EnglishHorn
2764,
2765,
2766,
2767,Flute
2768,Bassoon
2769,
2770,
2771,
2772,Bassoon
2773,
2774,
2775,Bassoon
2776,EnglishHorn
2777,Bassoon
2778,
2779,Flute
2780,
2781,
2782,
2783,Piccolo
2784,
2785,
2786,
2787,Frenchhorn
2788,
2789,
2790,Flute
2791,Flute
2792,Flute
2793,
2794,
2795,
2796,SynthBass
2797,
2798,
2799,
2800,
2801,
2802,
2803,
2804,
2805,
2806,Bassoon
2807,Flute
2808,
2809,SynthBass
2810,
2811,Flute
2812,
2813,
2814,
2815,Bassoon
2816,Flute
2817,EnglishHorn
2818,
2819,
2820,Flute
2821,Bassoon
2822,Bassoon
2823,
2824,Bassoon
2825,
2826,Frenchhorn
2827,
2828,Flute
2829,
2830,Flute
2831,
2832,
2833,Bassoon
2834,
2835,
2836,Flute
2837,
2838,
2839,
2840,SynthBass
2841,
2842,
2843,
2844,EnglishHorn
2845,
2846,
2847,
2848,Bassoon
2849,Flute
2850,
2851,
2852,
2853,
2854,
2855,
2856,Bassoon
2857,
2858,Bassoon
2859,Piccolo
2860,
2861,Frenchhorn
2862,Flute
2863,
2864,Bassoon
2865,
2866,Flute
2867,
2868,
2869,
2870,
2871,
2872,Frenchhorn
2873,Flute
2874,Flute
2875,Bassoon
2876,
2877,
2878,Piccolo
2879,
2880,
2881,
2882,
2883,
2884,
2885,
2886,
2887,
2888,
2889,
2890,Flute
2891,EnglishHorn
2892,
2893,Flute
2894,Flute
2895,Bassoon
2896,Flute
2897,EnglishHorn
2898,
2899,EnglishHorn
2900,
2901,
2902,Piccolo
2903,
2904,
2905,
2906,
2907,
2908,
2909,
2910,
2911,
2912,
2913,
2914,
2915,
2916,
2917,Flute
2918,
2919,
2920,
2921,
2922,
2923,
2924,Flute
2925,
2926,
2927,
2928,
2929,
2930,Bassoon
2931,
2932,
2933,
2934,Frenchhorn
2935,Flute
2936,
2937,Piccolo
2938,
2939,
2940,
2941,Flute
2942,
2943,
2944,
2945,
2946,
2947,EnglishHorn
2948,Flute
2949,
2950,
2951,
2952,
2953,
2954,
2955,
2956,
2957,
2958,Flute
2959,
2960,
2961,
2962,
2963,
2964,
2965,
2966,
2967,Bassoon
2968,
2969,Bassoon
2970,
2971,Piccolo
2972,
2973,
2974,
2975,SynthBass
2976,
2977,
2978,
2979,
2980,
2981,Bassoon
2982,
2983,
2984,
2985,Piccolo
2986,
2987,Flute
2988,
2989,
2990,
2991,
2992,Piccolo
2993,
2994,
2995,
2996,
2997,
2998,
2999,
3000,Flute
3001,
3002,
3003,
3004,
3005,
3006,
3007,
3008,
3009,
3010,
3011,SynthBass
3012,
3013,Piccolo
3014,Flute
3015,
3016,
3017,
3018,EnglishHorn
3019,Frenchhorn
3020,
3021,
3022,
3023,
3024,
3025,
3026,
3027,Flute
3028,
3029,
3030,
3031,
3032,
3033,Bassoon
3034,
3035,Frenchhorn
3036,
3037,SynthBass
3038,Bassoon
3039,Flute
3040,
3041,
3042,
3043,Piccolo
3044,
3045,
3046,
3047,
3048,
3049,
3050,Bassoon
3051,Bassoon
3052,Frenchhorn
3053,Flute
3054,
3055,
3056,
3057,
3058,Piccolo
3059,
3060,
3061,
3062,
3063,Bassoon
3064,Piccolo
3065,
3066,
3067,Piccolo
3068,
3069,
3070,
3071,Bassoon
3072,
3073,
3074,
3075,
3076,
3077,
3078,
3079,
3080,Flute
3081,
3082,
3083,
3084,Piccolo
3085,
3086,
3087,Flute
3088,
3089,Flute
3090,
3091,
3092,
3093,Bassoon
3094,
3095,
3096,Bassoon
3097,Flute
3098,
3099,
3100,
3101,
3102,
3103,
3104,
3105,
3106,
3107,
3108,
3109,Piccolo
3110,
3111,
3112,Frenchhorn
3113,Flute
3114,Flute
3115,
3116,
3117,
3118,
3119,
3120,
3121,
3122,Flute
3123,
3124,
3125,
3126,
3127,
3128,
3129,
3130,
3131,Flute
3132,Frenchhorn
3133,
3134,
3135,
3136,
3137,Flute
3138,
3139,Bassoon
3140,
3141,
3142,
3143,Flute
3144,Flute
3145,
3146,
3147,
3148,
3149,
3150,
3151,
3152,Flute
3153,
3154,
3155,Bassoon
3156,
3157,
3158,
3159,
3160,
3161,Flute
3162,
3163,
3164,
3165,
3166,
3167,Bassoon
3168,Bassoon
3169,
3170,
3171,
3172,
3173,EnglishHorn
3174,
3175,
3176,
3177,
3178,
3179,
3180,Bassoon
3181,
3182,
3183,
3184,
3185,
3186,
3187,
3188,
3189,
3190,
3191,
3192,
3193,Frenchhorn
3194,
3195,
3196,
3197,
3198,
3199,
3200,EnglishHorn
3201,Frenchhorn
3202,
3203,Bassoon
3204,
3205,
3206,
3207,Frenchhorn
3208,
3209,
3210,Flute
3211,Flute
3212,
3213,
3214,
3215,Bassoon
3216,
3217,
3218,
3219,
3220,
3221,
3222,
3223,
3224,
3225,Flute
3226,SynthBass
3227,Flute
3228,Flute
3229,
3230,
3231,
3232,
3233,Frenchhorn
3234,Bassoon
3235,
3236,
3237,
3238,Bassoon
3239,
3240,
3241,Bassoon
3242,
3243,
3244,
3245,
3246,
3247,
3248,Piccolo
3249,
3250,
3251,Bassoon
3252,
3253,
3254,
3255,
3256,
3257,
3258,
3259,
3260,Piccolo
3261,
3262,Frenchhorn
3263,
3264,
3265,
3266,
3267,Flute
3268,
3269,
3270,
3271,
3272,
3273,
3274,
3275,
3276,
3277,Flute
3278,Frenchhorn
3279,Flute
3280,
3281,
3282,
3283,
3284,Frenchhorn
3285,
3286,
3287,
3288,Bassoon
3289,
3290,
3291,
3292,
3293,EnglishHorn
3294,
3295,
3296,
3297,
3298,
3299,
3300,Bassoon
3301,Frenchhorn
3302,
3303,
3304,
3305,Flute
3306,Piccolo
3307,
3308,
3309,
3310,
3311,
3312,
3313,
3314,Bassoon
3315,
3316,
3317,
3318,
3319,
3320,
3321,
3322,
3323,
3324,
3325,
3326,
3327,
3328,Frenchhorn
3329,Flute
3330,
3331,
3332,Bassoon
3333,
3334,Piccolo
3335,
3336,
3337,
3338,
3339,
3340,Bassoon
3341,
3342,
3343,
3344,
3345,
3346,
3347,
3348,
3349,
3350,
3351,Flute
3352,
3353,
3354,
3355,
3356,
3357,
3358,
3359,EnglishHorn
3360,
3361,Frenchhorn
3362,Flute
3363,
3364,
3365,
3366,
3367,
3368,
3369,
3370,EnglishHorn
3371,
3372,
3373,EnglishHorn
3374,
3375,
3376,
3377,
3378,
3379,
3380,Piccolo
3381,Bassoon
3382,
3383,
3384,
3385,
3386,Flute
3387,Bassoon
3388,Flute
3389,
3390,
3391,
3392,
3393,Bassoon
3394,
3395,
3396,
3397,Piccolo
3398,
3399,
3400,Piccolo
3401,Flute
3402,
3403,
3404,
3405,Flute
3406,Bassoon
3407,
3408,
3409,EnglishHorn
3410,Piccolo
3411,
3412,EnglishHorn
3413,
3414,
3415,
3416,Flute
3417,
3418,
3419,
3420,EnglishHorn
3421,
3422,
3423,
3424,Piccolo
3425,
3426,
3427,Frenchhorn
3428,Flute
3429,Bassoon
3430,EnglishHorn
3431,
3432,
3433,
3434,
3435,
3436,Flute
3437,
3438,Frenchhorn
3439,
3440,
3441,
3442,
3443,
3444,
3445,Bassoon
3446,
3447,Flute
3448,Bassoon
3449,
3450,
3451,
3452,
3453,
3454,EnglishHorn
3455,Flute
3456,
3457,
3458,
3459,Bassoon
3460,
3461,
3462,
3463,Flute
3464,
3465,
3466,EnglishHorn
3467,
3468,
3469,
3470,EnglishHorn
3471,
3472,
3473,
3474,
3475,
3476,
3477,
3478,Frenchhorn
3479,
3480,
3481,
3482,Flute
3483,
3484,
3485,
3486,
3487,
3488,
3489,Frenchhorn
3490,
3491,
3492,Frenchhorn
3493,Bassoon
3494,
3495,
3496,
3497,
3498,
3499,
3500,
3501,
3502,
3503,
3504,
3505,
3506,
3507,
3508,
3509,
3510,
3511,
3512,
3513,
3514,
3515,
3516,EnglishHorn
3517,
3518,Flute
3519,Frenchhorn
3520,
3521,
3522,Piccolo
3523,
3524,
3525,
3526,
3527,
3528,
3529,
3530,Flute
3531,
3532,
3533,
3534,
3535,
3536,
3537,Flute
3538,
3539,
3540,
3541,
3542,
3543,Bassoon
3544,Bassoon
3545,
3546,Bassoon
3547,Bassoon
3548,Frenchhorn
3549,
3550,Flute
3551,
3552,Bassoon
3553,
3554,
3555,
3556,Flute
3557,
3558,Bassoon
3559,Piccolo
3560,
3561,
3562,
3563,
3564,
3565,
3566,
3567,
3568,Frenchhorn
3569,
3570,
3571,
3572,
3573,
3574,
3575,Flute
3576,SynthBass
3577,
3578,
3579,Flute
3580,
3581,
3582,
3583,Piccolo
3584,
3585,
3586,
3587,
3588,
3589,
3590,
3591,
3592,
3593,
3594,
3595,
3596,
3597,
3598,
3599,
3600,
3601,
3602,
3603,
3604,
3605,
3606,
3607,
3608,
3609,
3610,Flute
3611,
3612,
3613,Piccolo
3614,Flute
3615,
3616,
3617,
3618,
3619,Piccolo
3620,
3621,
3622,Frenchhorn
3623,
3624,EnglishHorn
3625,
3626,
3627,
3628,
3629,
3630,Bassoon
3631,
3632,
3633,
3634,Flute
3635,
3636,
3637,
3638,
3639,
3640,Flute
3641,EnglishHorn
3642,
3643,
3644,
3645,
3646,Flute
3647,
3648,
3649,
3650,
3651,
3652,
3653,
3654,
3655,Flute
3656,Frenchhorn
3657,Bassoon
3658,
3659,
3660,
3661,
3662,
3663,
3664,
3665,Bassoon
3666,Piccolo
3667,Bassoon
3668,Flute
3669,Flute
3670,
3671,
3672,
3673,
3674,
3675,
3676,
3677,
3678,
3679,
3680,
3681,
3682,Frenchhorn
3683,
3684,
3685,
3686,Piccolo
3687,
3688,
3689,
3690,
3691,
3692,
3693,Bassoon
3694,
3695,Flute
3696,
3697,
3698,
3699,
3700,
3701,
3702,
3703,
3704,
3705,Piccolo
3706,
3707,
3708,
3709,Piccolo
3710,
3711,
3712,
3713,Flute
3714,
3715,Piccolo
3716,
3717,Bassoon
3718,
3719,
3720,
3721,
3722,
3723,
3724,
3725,
3726,
3727,
3728,Frenchhorn
3729,Flute
3730,
3731,
3732,
3733,EnglishHorn
3734,
3735,
3736,
3737,
3738,
3739,
3740,Frenchhorn
3741,
3742,
3743,Bassoon
3744,
3745,
3746,Bassoon
3747,
3748,
3749,
3750,
3751,
3752,
3753,Flute
3754,
3755,
3756,
3757,
3758,
3759,
3760,
3761,
3762,
3763,
3764,Flute
3765,
3766,
3767,
3768,
3769,Frenchhorn
3770,
3771,Frenchhorn
3772,
3773,
3774,
3775,Flute
3776,Flute
3777,Bassoon
3778,
3779,
3780,
3781,
3782,
3783,
3784,
3785,Piccolo
3786,
3787,
3788,
3789,
3790,
3791,
3792,Frenchhorn
3793,Flute
3794,
3795,
3796,
3797,
3798,
3799,
3800,
3801,Flute
3802,
3803,Bassoon
3804,
3805,
3806,
3807,
3808,
3809,
3810,Flute
3811,
3812,
3813,
3814,
3815,
3816,
3817,
3818,
3819,
3820,
3821,
3822,EnglishHorn
3823,
3824,Flute
3825,
3826,
3827,
3828,
3829,EnglishHorn
3830,Flute
3831,
3832,
3833,Frenchhorn
3834,
3835,
3836,
3837,
3838,
3839,
3840,
3841,
3842,
3843,
3844,
3845,
3846,Flute
3847,
3848,Piccolo
3849,
3850,
3851,
3852,
3853,
3854,Flute
3855,
3856,Bassoon
3857,
3858,Frenchhorn
3859,Flute
3860,
3861,
3862,Piccolo
3863,
3864,
3865,
3866,Bassoon
3867,
3868,
3869,
3870,Bassoon
3871,
3872,
3873,
3874,Bassoon
3875,
3876,
3877,
3878,
3879,Bassoon
3880,EnglishHorn
3881,
3882,
3883,
3884,
3885,Flute
3886,EnglishHorn
3887,
3888,Flute
3889,
3890,
3891,Flute
3892,
3893,
3894,
3895,
3896,
3897,Bassoon
3898,
3899,
3900,
3901,
3902,Flute
3903,
3904,
3905,
3906,
3907,
3908,EnglishHorn
3909,
3910,
3911,
3912,
3913,
3914,Piccolo
3915,
3916,
3917,
3918,
3919,
3920,
3921,Piccolo
3922,
3923,
3924,
3925,
3926,
3927,
3928,
3929,
3930,Flute
3931,
3932,
3933,
3934,
3935,
3936,
3937,
3938,
3939,
3940,Bassoon
3941,
3942,Bassoon
3943,
3944,
3945,
3946,
3947,Piccolo
3948,
3949,Flute
3950,
3951,Frenchhorn
3952,
3953,
3954,
3955,Flute
3956,Frenchhorn
3957,Flute
3958,
3959,
3960,
3961,
3962,Flute
3963,
3964,
3965,
3966,
3967,Flute
3968,
3969,
3970,
3971,
3972,
3973,
3974,Flute
3975,
3976,
3977,Bassoon
3978,
3979,
3980,
3981,
3982,Flute
3983,
3984,
3985,
3986,
3987,
3988,EnglishHorn
3989,Bassoon
3990,
3991,
3992,
3993,
3994,
3995,
3996,
3997,
3998,
3999,
4000,Flute
4001,
4002,
4003,
4004,
4005,Flute
4006,Flute
4007,Piccolo
4008,
4009,
4010,
4011,
4012,Flute
4013,
4014,Bassoon
4015,
4016,
4017,
4018,
4019,Flute
4020,Piccolo
4021,
4022,Flute
4023,
4024,
4025,Flute
4026,
4027,
4028,
4029,Bassoon
4030,
4031,
4032,
4033,
4034,
4035,
4036,
4037,
4038,
4039,
4040,
4041,Flute
4042,
4043,
4044,Flute
4045,
4046,
4047,
4048,
4049,
4050,
4051,
4052,
4053,
4054,Flute
4055,
4056,
4057,
4058,Bassoon
4059,
4060,
4061,
4062,
4063,Piccolo
4064,
4065,
4066,
4067,Frenchhorn
4068,
4069,Piccolo
4070,
4071,
4072,
4073,
4074,
4075,
4076,Flute
4077,
4078,
4079,
4080,
4081,Flute
4082,
4083,
4084,
4085,Bassoon
4086,
4087,
4088,
4089,
4090,
4091,
4092,
4093,
4094,
4095,
4096,
4097,
4098,Bassoon
4099,
4100,
4101,Bassoon
4102,Bassoon
4103,
4104,
4105,
4106,
4107,
4108,EnglishHorn
4109,
4110,Frenchhorn
4111,
4112,
4113,
4114,
4115,
4116,
4117,
4118,
4119,
4120,
4121,Bassoon
4122,
4123,Flute
4124,
4125,
4126,
4127,
4128,
4129,
4130,
4131,
4132,
4133,
4134,
4135,
4136,Flute
4137,
4138,
4139,
4140,
4141,
4142,
4143,
4144,Bassoon
4145,
4146,
4147,
4148,
4149,
4150,
4151,Piccolo
4152,
4153,
4154,
4155,
4156,
4157,
4158,Bassoon
4159,
4160,
4161,
4162,Frenchhorn
4163,Bassoon
4164,
4165,
4166,Flute
4167,Flute
4168,
4169,
4170,
4171,
4172,
4173,Flute
4174,Piccolo
4175,
4176,Frenchhorn
4177,Frenchhorn
4178,
4179,
4180,
4181,Piccolo
4182,
4183,
4184,
4185,Piccolo
4186,
4187,
4188,EnglishHorn
4189,
4190,Piccolo
4191,EnglishHorn
4192,
4193,
4194,Flute
4195,
4196,
4197,
4198,
4199,Bassoon
4200,
4201,
4202,
4203,Flute
4204,
4205,
4206,
4207,
4208,
4209,
4210,
4211,
4212,
4213,Flute
4214,
4215,
4216,
4217,Piccolo
4218,
4219,
4220,
4221,
4222,Piccolo
4223,
4224,
4225,
4226,
4227,
4228,Flute
4229,
4230,
4231,Flute
4232,Frenchhorn
4233,
4234,
4235,
4236,Bassoon
4237,
4238,Bassoon
4239,
4240,
4241,
4242,Flute
4243,
4244,
4245,SynthBass
4246,
4247,
4248,
4249,Flute
4250,EnglishHorn
4251,
4252,
4253,
4254,EnglishHorn
4255,Bassoon
4256,
4257,
4258,
4259,
4260,
4261,Flute
4262,
4263,Flute
4264,Frenchhorn
4265,
4266,
4267,
4268,Bassoon
4269,Bassoon
4270,Flute
4271,
4272,
4273,Bassoon
4274,
4275,Flute
4276,
4277,
4278,
4279,
4280,
4281,
4282,Flute
4283,
4284,
4285,
4286,
4287,Flute
4288,
4289,
4290,
4291,Bassoon
4292,
4293,
4294,
4295,Flute
4296,Piccolo
4297,
4298,Flute
4299,
4300,
4301,Bassoon
4302,
4303,
4304,
4305,
4306,
4307,
4308,Flute
4309,
4310,
4311,
4312,
4313,EnglishHorn
4314,
4315,
4316,
4317,
4318,
4319,
4320,
4321,
4322,
4323,
4324,
4325,
4326,
4327,
4328,
4329,
4330,SynthBass
4331,
4332,
4333,Flute
4334,Flute
4335,Bassoon
4336,
4337,
4338,
4339,EnglishHorn
4340,
4341,Flute
4342,
4343,
4344,
4345,
4346,
4347,Bassoon
4348,
4349,Bassoon
4350,
4351,Flute
4352,
4353,
4354,
4355,
4356,Flute
4357,
4358,Frenchhorn
4359,
4360,
4361,
4362,
4363,
4364,
4365,
4366,
4367,
4368,
4369,
4370,
4371,
4372,
4373,Bassoon
4374,
4375,
4376,
4377,
4378,
4379,Flute
4380,Bassoon
4381,
4382,
4383,
4384,EnglishHorn
4385,
4386,EnglishHorn
4387,
4388,Frenchhorn
4389,
4390,Flute
4391,
4392,
4393,
4394,
4395,
4396,
4397,
4398,Flute
4399,
4400,
4401,
4402,EnglishHorn
4403,
4404,
4405,
4406,Flute
4407,
4408,
4409,
4410,
4411,
4412,
4413,
4414,
4415,
4416,
4417,Flute
4418,
4419,
4420,Bassoon
4421,
4422,
4423,
4424,Bassoon
4425,
4426,
4427,
4428,
4429,
4430,
4431,
4432,
4433,Flute
4434,Bassoon
4435,
4436,
4437,
4438,
4439,
4440,
4441,
4442,
4443,
4444,
4445,
4446,Flute
4447,
4448,
4449,
4450,
4451,
4452,Flute
4453,
4454,
4455,SynthBass
4456,
4457,
4458,
4459,
4460,
4461,
4462,
4463,
4464,
4465,
4466,Flute
4467,
4468,
4469,Bassoon
4470,
4471,
4472,Flute
4473,EnglishHorn
4474,
4475,
4476,
4477,
4478,
4479,
4480,Frenchhorn
4481,
4482,
4483,
4484,
4485,
4486,
4487,
4488,
4489,Bassoon
4490,
4491,
4492,Flute
4493,
4494,
4495,
4496,
4497,Flute
4498,
4499,Frenchhorn
4500,Flute
4501,Flute
4502,
4503,
4504,
4505,
4506,
4507,Frenchhorn
4508,
4509,
4510,EnglishHorn
4511,
4512,
4513,
4514,Flute
4515,Frenchhorn
4516,
4517,
4518,
4519,
4520,
4521,
4522,
4523,Frenchhorn
4524,Flute
4525,
4526,Bassoon
4527,
4528,
4529,Frenchhorn
4530,
4531,Bassoon
4532,
4533,Flute
4534,
4535,
4536,
4537,
4538,
4539,Frenchhorn
4540,
4541,Bassoon
4542,
4543,
4544,
4545,
4546,
4547,
4548,
4549,
4550,
4551,Flute
4552,Flute
4553,Bassoon
4554,
4555,EnglishHorn
4556,
4557,
4558,Bassoon
4559,
4560,
4561,
4562,SynthBass
4563,
4564,
4565,Flute
4566,
4567,
4568,
4569,
4570,Piccolo
4571,
4572,
4573,
4574,
4575,
4576,
4577,
4578,
4579,
4580,
4581,
4582,
4583,
4584,
4585,
4586,Frenchhorn
4587,Bassoon
4588,
4589,
4590,Bassoon
4591,
4592,Piccolo
4593,
4594,Flute
4595,Frenchhorn
4596,
4597,
4598,
4599,
4600,
4601,
4602,
4603,Piccolo
4604,
4605,
4606,
4607,
4608,
4609,Piccolo
4610,Flute
4611,
4612,Flute
4613,
4614,Frenchhorn
4615,
4616,
4617,Piccolo
4618,
4619,
4620,
4621,
4622,
4623,
4624,
4625,
4626,
4627,Bassoon
4628,
4629,
4630,
4631,Piccolo
4632,Piccolo
4633,
4634,Bassoon
4635,SynthBass
4636,
4637,
4638,Bassoon
4639,
4640,
4641,Flute
4642,
4643,
4644,
4645,
4646,
4647,
4648,Flute
4649,Flute
4650,
4651,
4652,
4653,
4654,
4655,
4656,Bassoon
4657,
4658,
4659,
4660,
4661,SynthBass
4662,
4663,
4664,
4665,
4666,Flute
4667,
4668,
4669,
4670,
4671,Flute
4672,Bassoon
4673,
4674,
4675,Flute
4676,
4677,
4678,
4679,SynthBass
4680,Bassoon
4681,
4682,SynthBass
4683,
4684,
4685,Bassoon
4686,
4687,
4688,
4689,
4690,Bassoon
4691,
4692,
4693,Bassoon
4694,
4695,
4696,
4697,EnglishHorn
4698,Flute
4699,
4700,
4701,
4702,
4703,
4704,
4705,
4706,
4707,
4708,
4709,Bassoon
4710,
4711,
4712,EnglishHorn
4713,
4714,
4715,
4716,
4717,Flute
4718,
4719,
4720,Bassoon
4721,
4722,
4723,Piccolo
4724,
4725,
4726,Bassoon
4727,
4728,Bassoon
4729,Bassoon
4730,
4731,Bassoon
4732,Flute
4733,
4734,
4735,
4736,
4737,Piccolo
4738,Flute
4739,Piccolo
4740,
4741,Flute
4742,
4743,
4744,
4745,Frenchhorn
4746,
4747,
4748,
4749,Flute
4750,
4751,SynthBass
4752,
4753,
4754,
4755,
4756,
4757,
4758,
4759,Bassoon
4760,
4761,
4762,
4763,
4764,Flute
4765,Flute
4766,
4767,Piccolo
4768,
4769,
4770,
4771,
4772,Flute
4773,
4774,Frenchhorn
4775,
4776,
4777,
4778,
4779,
4780,Bassoon
4781,
4782,
4783,
4784,
4785,
4786,
4787,
4788,
4789,
4790,
4791,Bassoon
4792,
4793,
4794,Piccolo
4795,
4796,
4797,
4798,
4799,
4800,
4801,
4802,
4803,
4804,
4805,
4806,Bassoon
4807,Piccolo
4808,
4809,
4810,
4811,
4812,
4813,
4814,
4815,
4816,
4817,
4818,
4819,
4820,Flute
4821,
4822,
4823,
4824,
4825,Bassoon
4826,EnglishHorn
4827,Piccolo
4828,
4829,
4830,
4831,
4832,
4833,
4834,
4835,
4836,
4837,
4838,EnglishHorn
4839,
4840,
4841,SynthBass
4842,
4843,
4844,Piccolo
4845,
4846,Flute
4847,
4848,
4849,
4850,
4851,
4852,
4853,
4854,Frenchhorn
4855,Piccolo
4856,SynthBass
4857,Piccolo
4858,
4859,
4860,
4861,
4862,
4863,
4864,
4865,Flute
4866,
4867,
4868,
4869,Bassoon
4870,Flute
4871,
4872,Flute
4873,Flute
4874,
4875,Bassoon
4876,
4877,Bassoon
4878,
4879,
4880,EnglishHorn
4881,
4882,
4883,
4884,
4885,
4886,Bassoon
4887,EnglishHorn
4888,Piccolo
4889,EnglishHorn
4890,
4891,Bassoon
4892,Flute
4893,
4894,
4895,
4896,
4897,
4898,
4899,
4900,Flute
4901,Piccolo
4902,
4903,Flute
4904,
4905,
4906,
4907,
4908,EnglishHorn
4909,Flute
4910,Piccolo
4911,
4912,
4913,
4914,Flute
4915,
4916,
4917,Flute
4918,
4919,Flute
4920,
4921,
4922,
4923,
4924,
4925,
4926,
4927,
4928,
4929,Frenchhorn
4930,
4931,
4932,Frenchhorn
4933,
4934,
4935,
4936,
4937,Bassoon
4938,
4939,
4940,
4941,Flute
4942,Flute
4943,
4944,
4945,
4946,
4947,Flute
4948,
4949,
4950,Flute
4951,
4952,
4953,
4954,
4955,
4956,
4957,
4958,
4959,Flute
4960,Flute
4961,
4962,
4963,
4964,
4965,
4966,
4967,
4968,Frenchhorn
4969,SynthBass
4970,
4971,
4972,Bassoon
4973,Flute
4974,
4975,
4976,
4977,
4978,
4979,
4980,
4981,Frenchhorn
4982,
4983,Bassoon
4984,
4985,
4986,
4987,
4988,
4989,SynthBass
4990,
4991,Flute
4992,
4993,
4994,
4995,
4996,EnglishHorn
4997,Flute
4998,EnglishHorn
4999,
5000,
5001,
5002,
5003,
5004,EnglishHorn
5005,
5006,
5007,
5008,
5009,SynthBass
5010,
5011,
5012,
5013,
5014,
5015,
5016,
5017,Frenchhorn
5018,Flute
5019,
5020,
5021,
5022,
5023,
5024,
5025,Frenchhorn
5026,Flute
5027,
5028,Piccolo
5029,
5030,
5031,
5032,
5033,
5034,
5035,
5036,
5037,
5038,
5039,Flute
5040,
5041,
5042,
5043,
5044,
5045,
5046,EnglishHorn
5047,Piccolo
5048,
5049,
5050,
5051,
5052,
5053,Flute
5054,
5055,Piccolo
5056,
5057,
5058,
5059,Bassoon
5060,
5061,Piccolo
5062,
5063,
5064,
5065,
5066,
5067,
5068,Flute
5069,
5070,
5071,
5072,
5073,Flute
5074,Flute
5075,
5076,
5077,Flute
5078,
5079,
5080,
5081,
5082,
5083,
5084,
5085,Bassoon
5086,Bassoon
5087,Bassoon
5088,Frenchhorn
5089,
5090,
5091,
5092,
5093,Flute
5094,Bassoon
5095,Flute
5096,
5097,
5098,
5099,SynthBass
5100,Bassoon
5101,Flute
5102,
5103,
5104,
5105,
5106,
5107,EnglishHorn
5108,EnglishHorn
5109,
5110,
5111,
5112,
5113,
5114,
5115,
5116,
5117,Flute
5118,
5119,
5120,
5121,Flute
5122,
5123,
5124,Bassoon
5125,Flute
5126,
5127,
5128,Flute
5129,
5130,
5131,Bassoon
5132,
5133,
5134,
5135,
5136,
5137,EnglishHorn
5138,
5139,Bassoon
5140,
5141,
5142,
5143,
5144,
5145,Flute
5146,
5147,Flute
5148,Flute
5149,
5150,
5151,
5152,
5153,
5154,
5155,
5156,
5157,Bassoon
5158,
5159,
5160,
5161,Piccolo
5162,Bassoon
5163,
5164,
5165,Flute
5166,
5167,
5168,Piccolo
5169,
5170,Bassoon
5171,
5172,
5173,EnglishHorn
5174,
5175,Flute
5176,
5177,
5178,Flute
5179,
5180,
5181,Piccolo
5182,
5183,
5184,
5185,
5186,Frenchhorn
5187,Flute
5188,
5189,
5190,
5191,
5192,EnglishHorn
5193,
5194,
5195,Flute
5196,
5197,
5198,
5199,
5200,
5201,
5202,
5203,
5204,Flute
5205,
5206,
5207,Bassoon
5208,
5209,
5210,
5211,Piccolo
5212,Flute
5213,
5214,
5215,Piccolo
5216,
5217,
5218,
5219,
5220,
5221,
5222,
5223,
5224,
5225,
5226,
5227,Flute
5228,
5229,Bassoon
5230,
5231,Flute
5232,
5233,
5234,
5235,
5236,Piccolo
5237,
5238,
5239,
5240,
5241,
5242,
5243,
5244,
5245,
5246,
5247,
5248,
5249,
5250,
5251,Bassoon
5252,
5253,Piccolo
5254,
5255,
5256,
5257,
5258,
5259,Frenchhorn
5260,
5261,
5262,
5263,Flute
5264,
5265,
5266,
5267,
5268,
5269,
5270,
5271,Bassoon
5272,
5273,
5274,
5275,
5276,
5277,
5278,
5279,
5280,
5281,
5282,
5283,
5284,
5285,
5286,
5287,
5288,
5289,Flute
5290,
5291,
5292,
5293,
5294,
5295,
5296,
5297,Piccolo
5298,
5299,
5300,Flute
5301,
5302,
5303,
5304,Bassoon
5305,
5306,
5307,
5308,Bassoon
5309,
5310,Bassoon
5311,Flute
5312,Frenchhorn
5313,
5314,Piccolo
5315,
5316,Flute
5317,
5318,
5319,
5320,
5321,
5322,Flute
5323,
5324,
5325,
5326,Bassoon
5327,
5328,
5329,Frenchhorn
5330,
5331,Flute
5332,
5333,
5334,Flute
5335,
5336,
5337,Flute
5338,Piccolo
5339,
5340,
5341,SynthBass
5342,
5343,
5344,
5345,Bassoon
5346,
5347,
5348,EnglishHorn
5349,EnglishHorn
5350,Piccolo
5351,
5352,
5353,
5354,Piccolo
5355,
5356,
5357,SynthBass
5358,
5359,
5360,
5361,Flute
5362,
5363,
5364,
5365,
5366,
5367,
5368,Flute
5369,
5370,Frenchhorn
5371,
5372,
5373,Frenchhorn
5374,
5375,
5376,Bassoon
5377,Bassoon
5378,Bassoon
5379,
5380,Flute
5381,
5382,
5383,
5384,Bassoon
5385,
5386,
5387,
5388,
5389,
5390,
5391,
5392,
5393,
5394,
5395,
5396,Flute
5397,
5398,
5399,
5400,
5401,
5402,
5403,
5404,
5405,Flute
5406,
5407,
5408,Bassoon
5409,
5410,
5411,
5412,Flute
5413,Bassoon
5414,
5415,
5416,
5417,Bassoon
5418,
5419,
5420,
5421,
5422,SynthBass
5423,Bassoon
5424,
5425,SynthBass
5426,
5427,
5428,Piccolo
5429,
5430,
5431,
5432,Bassoon
5433,
5434,
5435,
5436,
5437,
5438,Flute
5439,
5440,
5441,Bassoon
5442,
5443,EnglishHorn
5444,
5445,
5446,
5447,
5448,
5449,
5450,
5451,
5452,
5453,EnglishHorn
5454,Flute
5455,
5456,
5457,
5458,Flute
5459,Flute
5460,
5461,
5462,
5463,
5464,
5465,Flute
5466,Flute
5467,
5468,
5469,
5470,
5471,
5472,
5473,
5474,
5475,
5476,Bassoon
5477,
5478,Flute
5479,
5480,EnglishHorn
5481,Piccolo
5482,
5483,
5484,
5485,Bassoon
5486,
5487,Bassoon
5488,
5489,
5490,Bassoon
5491,
5492,
5493,
5494,
5495,
5496,
5497,Flute
5498,
5499,Flute
5500,
5501,
5502,
5503,
5504,Piccolo
5505,
5506,Flute
5507,
5508,Flute
5509,Bassoon
5510,
5511,
5512,Piccolo
5513,
5514,
5515,Bassoon
5516,
5517,
5518,
5519,SynthBass
5520,
5521,
5522,
5523,Bassoon
5524,
5525,
5526,
5527,
5528,
5529,
5530,Flute
5531,Flute
5532,
5533,
5534,
5535,
5536,Flute
5537,Frenchhorn
5538,
5539,
5540,
5541,
5542,
5543,
5544,Bassoon
5545,Bassoon
5546,
5547,
5548,
5549,
5550,Flute
5551,
5552,
5553,
5554,
5555,
5556,
5557,
5558,
5559,
5560,
5561,
5562,
5563,
5564,Bassoon
5565,
5566,
5567,
5568,
5569,
5570,
5571,
5572,
5573,
5574,Piccolo
5575,Flute
5576,Bassoon
5577,Piccolo
5578,
5579,
5580,
5581,Flute
5582,
5583,
5584,
5585,Frenchhorn
5586,
5587,Flute
5588,
5589,
5590,
5591,
5592,
5593,
5594,
5595,Flute
5596,
5597,Bassoon
5598,
5599,
5600,EnglishHorn
5601,Bassoon
5602,Flute
5603,
5604,
5605,Bassoon
5606,
5607,
5608,
5609,Bassoon
5610,Bassoon
5611,
5612,EnglishHorn
5613,
5614,
5615,
5616,
5617,
5618,
5619,
5620,
5621,
5622,
5623,
5624,
5625,
5626,
5627,Flute
5628,
5629,
5630,Flute
5631,
5632,
5633,
5634,
5635,Flute
5636,Flute
5637,
5638,
5639,
5640,
5641,
5642,
5643,
5644,
5645,Bassoon
5646,
5647,
5648,Frenchhorn
5649,
5650,
5651,
5652,Frenchhorn
5653,
5654,
5655,
5656,
5657,Frenchhorn
5658,
5659,
5660,
5661,Flute
5662,Bassoon
5663,
5664,Flute
5665,
5666,
5667,Flute
5668,
5669,
5670,Piccolo
5671,
5672,
5673,
5674,
5675,
5676,EnglishHorn
5677,
5678,
5679,
5680,
5681,
5682,
5683,
5684,Bassoon
5685,
5686,Piccolo
5687,
5688,
5689,
5690,
5691,
5692,Flute
5693,
5694,Bassoon
5695,Bassoon
5696,
5697,
5698,Flute
5699,Frenchhorn
5700,Bassoon
5701,
5702,Bassoon
5703,
5704,
5705,
5706,
5707,
5708,Piccolo
5709,
5710,
5711,
5712,
5713,
5714,
5715,
5716,
5717,Bassoon
5718,Frenchhorn
5719,
5720,Frenchhorn
5721,Bassoon
5722,
5723,
5724,
5725,
5726,
5727,
5728,
5729,
5730,
5731,
5732,
5733,
5734,
5735,
5736,
5737,
5738,Bassoon
5739,
5740,
5741,
5742,
5743,Frenchhorn
5744,
5745,Flute
5746,
5747,
5748,
5749,
5750,
5751,
5752,
5753,Bassoon
5754,
5755,
5756,
5757,
5758,Bassoon
5759,Frenchhorn
5760,Flute
5761,SynthBass
5762,Frenchhorn
5763,
5764,
5765,
5766,Bassoon
5767,
5768,
5769,
5770,
5771,Bassoon
5772,
5773,Bassoon
5774,
5775,
5776,EnglishHorn
5777,
5778,Flute
5779,
5780,
5781,
5782,
5783,
5784,
5785,
5786,
5787,Flute
5788,
5789,
5790,Frenchhorn
5791,
5792,
5793,Bassoon
5794,
5795,
5796,
5797,
5798,Bassoon
5799,
5800,SynthBass
5801,
5802,
5803,Bassoon
5804,
5805,
5806,
5807,
5808,
5809,
5810,Bassoon
5811,Frenchhorn
5812,
5813,
5814,
5815,
5816,
5817,Bassoon
5818,
5819,
5820,
5821,
5822,
5823,Flute
5824,
5825,
5826,
5827,
5828,
5829,Flute
5830,
5831,
5832,
5833,Bassoon
5834,
5835,
5836,
5837,
5838,
5839,
5840,
5841,Flute
5842,
5843,Bassoon
5844,
5845,SynthBass
5846,Bassoon
5847,Flute
5848,Frenchhorn
5849,Bassoon
5850,Bassoon
5851,
5852,Bassoon
5853,SynthBass
5854,
5855,
5856,
5857,
5858,
5859,Flute
5860,
5861,
5862,Flute
5863,
5864,
5865,
5866,
5867,
5868,
5869,Flute
5870,
5871,
5872,
5873,Flute
5874,
5875,
5876,
5877,
5878,
5879,Flute
5880,
5881,
5882,
5883,
5884,Bassoon
5885,
5886,Frenchhorn
5887,
5888,Frenchhorn
5889,
5890,
5891,
5892,
5893,
5894,
5895,
5896,
5897,
5898,
5899,
5900,
5901,
5902,
5903,
5904,
5905,
5906,
5907,
5908,
5909,
5910,
5911,Flute
5912,
5913,
5914,
5915,
5916,
5917,
5918,Frenchhorn
5919,
5920,Frenchhorn
5921,Bassoon
5922,
5923,
5924,
5925,
5926,Bassoon
5927,
5928,
5929,
5930,
5931,
5932,
5933,Piccolo
5934,Bassoon
5935,
5936,
5937,
5938,
5939,
5940,
5941,
5942,Flute
5943,
5944,
5945,
5946,
5947,
5948,
5949,
5950,
5951,
5952,
5953,
5954,
5955,
5956,
5957,
5958,
5959,Flute
5960,
5961,
5962,
5963,Bassoon
5964,Flute
5965,Flute
5966,
5967,
5968,
5969,
5970,
5971,
5972,
5973,
5974,
5975,Flute
5976,
5977,Frenchhorn
5978,
5979,
5980,
5981,
5982,
5983,Piccolo
5984,
5985,
5986,
5987,
5988,
5989,
5990,
5991,Flute
5992,
5993,Flute
5994,
5995,SynthBass
5996,Flute
5997,
5998,Piccolo
5999,Piccolo
6000,
6001,
6002,Bassoon
6003,Flute
6004,Flute
6005,
6006,
6007,Piccolo
6008,
6009,Flute
6010,
6011,Flute
6012,
6013,
6014,
6015,
6016,
6017,
6018,
6019,
6020,
6021,Piccolo
6022,Flute
6023,Frenchhorn
6024,Flute
6025,Bassoon
6026,
6027,
6028,
6029,
6030,
6031,
6032,Bassoon
6033,
6034,
6035,
6036,
6037,
6038,
6039,
6040,Bassoon
6041,
6042,Flute
6043,
6044,Flute
6045,
6046,Flute
6047,Bassoon
6048,
6049,
6050,
6051,
6052,
6053,
6054,
6055,
6056,
6057,
6058,Frenchhorn
6059,
6060,
6061,
6062,
6063,Flute
6064,
6065,
6066,
6067,
6068,Bassoon
6069,
6070,Bassoon
6071,
6072,
6073,
6074,
6075,
6076,Bassoon
6077,EnglishHorn
6078,EnglishHorn
6079,
6080,
6081,
6082,
6083,
6084,
6085,Piccolo
6086,
6087,
6088,
6089,
6090,
6091,
6092,
6093,
6094,
6095,
6096,
6097,Flute
6098,
6099,Piccolo
6100,
6101,
6102,
6103,
6104,
6105,
6106,
6107,
6108,
6109,
6110,
6111,Flute
6112,
6113,
6114,Flute
6115,
6116,
6117,
6118,
6119,Flute
6120,
6121,
6122,
6123,Flute
6124,
6125,
6126,
6127,
6128,
6129,
6130,Frenchhorn
6131,
6132,
6133,
6134,
6135,Bassoon
6136,
6137,
6138,
6139,
6140,
6141,Bassoon
6142,Piccolo
6143,
6144,
6145,
6146,Piccolo
6147,
6148,
6149,Piccolo
6150,
6151,
6152,
6153,Bassoon
6154,Frenchhorn
6155,
6156,
6157,Frenchhorn
6158,Flute
6159,
6160,Bassoon
6161,EnglishHorn
6162,
6163,
6164,
6165,Piccolo
6166,Frenchhorn
6167,
6168,
6169,Bassoon
6170,
6171,
6172,
6173,Flute
6174,Flute
6175,Bassoon
6176,
6177,
6178,EnglishHorn
6179,
6180,
6181,
6182,
6183,
6184,
6185,Piccolo
6186,Piccolo
6187,
6188,
6189,Bassoon
6190,Flute
6191,
6192,
6193,
6194,
6195,
6196,
6197,Flute
6198,
6199,Bassoon
6200,
6201,
6202,
6203,
6204,Flute
6205,Flute
6206,
6207,
6208,
6209,
6210,
6211,
6212,Flute
6213,
6214,
6215,
6216,
6217,Flute
6218,
6219,
6220,
6221,
6222,
6223,
6224,
6225,
6226,
6227,Flute
6228,
6229,
6230,Bassoon
6231,
6232,
6233,Piccolo
6234,
6235,
6236,
6237,
6238,
6239,
6240,SynthBass
6241,
6242,
6243,
6244,
6245,
6246,
6247,EnglishHorn
6248,
6249,
6250,
6251,SynthBass
6252,
6253,
6254,
6255,
6256,Piccolo
6257,Piccolo
6258,
6259,Piccolo
6260,Flute
6261,
6262,
6263,
6264,
6265,
6266,EnglishHorn
6267,
6268,Flute
6269,
6270,
6271,Bassoon
6272,
6273,
6274,
6275,
6276,
6277,
6278,
6279,
6280,
6281,
6282,
6283,
6284,
6285,
6286,
6287,Bassoon
6288,
6289,
6290,Piccolo
6291,
6292,
6293,EnglishHorn
6294,EnglishHorn
6295,
6296,
6297,
6298,
6299,Frenchhorn
6300,Flute
6301,
6302,
6303,
6304,
6305,
6306,Bassoon
6307,
6308,
6309,
6310,SynthBass
6311,
6312,
6313,
6314,
6315,
6316,
6317,
6318,
6319,
6320,
6321,
6322,EnglishHorn
6323,
6324,
6325,
6326,
6327,
6328,
6329,Bassoon
6330,
6331,
6332,
6333,
6334,
6335,
6336,
6337,SynthBass
6338,Bassoon
6339,
6340,
6341,
6342,Frenchhorn
6343,
6344,
6345,
6346,
6347,
6348,
6349,
6350,
6351,
6352,
6353,Piccolo
6354,
6355,
6356,
6357,
6358,
6359,
6360,
6361,
6362,
6363,
6364,
6365,
6366,
6367,
6368,
6369,
6370,Flute
6371,Bassoon
6372,
6373,
6374,
6375,
6376,
6377,
6378,Frenchhorn
6379,
6380,Frenchhorn
6381,
6382,Bassoon
6383,
6384,
6385,Flute
6386,
6387,
6388,
6389,
6390,
6391,
6392,Piccolo
6393,
6394,
6395,Flute
6396,EnglishHorn
6397,
6398,
6399,
6400,
6401,
6402,
6403,Frenchhorn
6404,Flute
6405,
6406,Frenchhorn
6407,
6408,
6409,
6410,
6411,
6412,Piccolo
6413,
6414,EnglishHorn
6415,
6416,Bassoon
6417,
6418,
6419,
6420,
6421,
6422,
6423,
6424,
6425,
6426,
6427,
6428,Flute
6429,Bassoon
6430,
6431,
6432,
6433,Flute
6434,
6435,
6436,
6437,
6438,
6439,
6440,
6441,
6442,Piccolo
6443,
6444,
6445,
6446,
6447,
6448,
6449,
6450,
6451,
6452,
6453,
6454,
6455,
6456,
6457,Flute
6458,
6459,
6460,Bassoon
6461,
6462,
6463,
6464,
6465,Bassoon
6466,Flute
6467,Bassoon
6468,
6469,Flute
6470,Bassoon
6471,Flute
6472,
6473,
6474,
6475,
6476,
6477,
6478,
6479,
6480,
6481,Bassoon
6482,
6483,
6484,
6485,
6486,
6487,
6488,
6489,
6490,
6491,EnglishHorn
6492,
6493,Bassoon
6494,
6495,Flute
6496,
6497,Flute
6498,
6499,
6500,
6501,
6502,
6503,Flute
6504,
6505,Flute
6506,
6507,
6508,Frenchhorn
6509,
6510,Flute
6511,
6512,
6513,
6514,Piccolo
6515,Flute
6516,
6517,Frenchhorn
6518,
6519,
6520,
6521,Bassoon
6522,
6523,
6524,
6525,
6526,Piccolo
6527,
6528,
6529,
6530,
6531,
6532,
6533,
6534,
6535,
6536,
6537,
6538,
6539,Flute
6540,Flute
6541,
6542,
6543,
6544,
6545,
6546,
6547,Bassoon
6548,
6549,
6550,
6551,
6552,
6553,
6554,
6555,Flute
6556,
6557,Frenchhorn
6558,
6559,
6560,
6561,
6562,SynthBass
6563,
6564,
6565,Flute
6566,Bassoon
6567,
6568,
6569,Bassoon
6570,
6571,Flute
6572,
6573,
6574,Flute
6575,
6576,
6577,
6578,
6579,
6580,Flute
6581,
6582,
6583,Frenchhorn
6584,
6585,
6586,
6587,
6588,Flute
6589,
6590,
6591,
6592,
6593,
6594,
6595,Flute
6596,Flute
6597,
6598,
6599,
6600,Piccolo
6601,Bassoon
6602,
6603,
6604,Flute
6605,
6606,Flute
6607,EnglishHorn
6608,Bassoon
6609,
6610,
6611,Bassoon
6612,
6613,
6614,
6615,
6616,
6617,Flute
6618,
6619,
6620,
6621,Bassoon
6622,Flute
6623,
6624,Flute
6625,Flute
6626,Bassoon
6627,
6628,Frenchhorn
6629,
6630,
6631,
6632,
6633,
6634,
6635,
6636,Bassoon
6637,
6638,
6639,
6640,Flute
6641,
6642,
6643,Bassoon
6644,
6645,Frenchhorn
6646,EnglishHorn
6647,
6648,
6649,
6650,
6651,
6652,Flute
6653,
6654,
6655,
6656,Piccolo
6657,
6658,
6659,
6660,Bassoon
6661,
6662,Frenchhorn
6663,
6664,
6665,Frenchhorn
6666,
6667,
6668,
6669,Bassoon
6670,
6671,
6672,
6673,Piccolo
6674,Flute
6675,
6676,
6677,
6678,Flute
6679,
6680,Frenchhorn
6681,Flute
6682,
6683,
6684,Flute
6685,
6686,
6687,
6688,
6689,
6690,Flute
6691,
6692,
6693,
6694,
6695,Flute
6696,
6697,
6698,
6699,
6700,EnglishHorn
6701,
6702,
6703,
6704,Bassoon
6705,
6706,
6707,
6708,Bassoon
6709,Bassoon
6710,
6711,
6712,
6713,
6714,
6715,
6716,
6717,
6718,Frenchhorn
6719,
6720,
6721,
6722,
6723,Frenchhorn
6724,Piccolo
6725,
6726,
6727,
6728,Flute
6729,
6730,
6731,Piccolo
6732,Flute
6733,Frenchhorn
6734,
6735,
6736,
6737,
6738,
6739,
6740,
6741,
6742,
6743,
6744,Bassoon
6745,
6746,
6747,Flute
6748,
6749,Flute
6750,
6751,
6752,
6753,
6754,
6755,
6756,
6757,
6758,Flute
6759,
6760,
6761,
6762,
6763,
6764,
6765,
6766,
6767,
6768,Frenchhorn
6769,Piccolo
6770,
6771,
6772,SynthBass
6773,
6774,
6775,Bassoon
6776,
6777,Frenchhorn
6778,
6779,
6780,
6781,
6782,
6783,Piccolo
6784,Flute
6785,
6786,
6787,Flute
6788,
6789,
6790,
6791,Bassoon
6792,
6793,
6794,
6795,
6796,
6797,
6798,
6799,
6800,
6801,
6802,Flute
6803,Flute
6804,
6805,
6806,
6807,
6808,
6809,
6810,
6811,
6812,
6813,
6814,
6815,
6816,
6817,
6818,Flute
6819,
6820,
6821,
6822,
6823,
6824,
6825,
6826,
6827,
6828,
6829,
6830,
6831,
6832,Bassoon
6833,
6834,
6835,Piccolo
6836,Frenchhorn
6837,
6838,Frenchhorn
6839,SynthBass
6840,
6841,
6842,
6843,
6844,
6845,
6846,
6847,
6848,
6849,
6850,
6851,
6852,
6853,
6854,
6855,
6856,
6857,
6858,
6859,
6860,
6861,
6862,Flute
6863,
6864,
6865,EnglishHorn
6866,
6867,
6868,Flute
6869,Bassoon
6870,
6871,
6872,
6873,
6874,
6875,EnglishHorn
6876,
6877,Bassoon
6878,
6879,Bassoon
6880,Piccolo
6881,
6882,
6883,Piccolo
6884,
6885,
6886,
6887,Flute
6888,
6889,
6890,
6891,
6892,
6893,
6894,
6895,
6896,
6897,Bassoon
6898,
6899,
6900,Flute
6901,Bassoon
6902,
6903,EnglishHorn
6904,
6905,
6906,
6907,Flute
6908,
6909,Frenchhorn
6910,
6911,
6912,
6913,
6914,
6915,
6916,Flute
6917,Bassoon
6918,
6919,
6920,
6921,Piccolo
6922,Flute
6923,
6924,
6925,
6926,
6927,
6928,
6929,
6930,
6931,Flute
6932,EnglishHorn
6933,Flute
6934,
6935,
6936,Flute
6937,
6938,
6939,
6940,
6941,
6942,
6943,
6944,
6945,Bassoon
6946,
6947,
6948,
6949,
6950,
6951,
6952,Flute
6953,
6954,
6955,
6956,
6957,
6958,
6959,
6960,
6961,
6962,SynthBass
6963,
6964,Piccolo
6965,
6966,
6967,
6968,
6969,
6970,
6971,
6972,
6973,Bassoon
6974,
6975,
6976,
6977,
6978,
6979,
6980,
6981,Flute
6982,
6983,
6984,
6985,
6986,
6987,
6988,
6989,
6990,Piccolo
6991,
6992,
6993,
6994,
6995,
6996,Flute
6997,Flute
6998,
6999,
7000,EnglishHorn
7001,
7002,
7003,
7004,
7005,
7006,Flute
7007,Bassoon
7008,Flute
7009,
7010,
7011,Bassoon
7012,Piccolo
7013,
7014,
7015,Piccolo
7016,Bassoon
7017,
7018,Bassoon
7019,
7020,
7021,
7022,Flute
7023,Flute
7024,EnglishHorn
7025,Frenchhorn
7026,
7027,
7028,Bassoon
7029,
7030,
7031,
7032,
7033,EnglishHorn
7034,Flute
7035,
7036,Flute
7037,
7038,
7039,Piccolo
7040,
7041,
7042,
7043,
7044,
7045,
7046,
7047,Bassoon
7048,
7049,
7050,
7051,Flute
7052,
7053,
7054,
7055,Bassoon
7056,Bassoon
7057,Frenchhorn
7058,
7059,Flute
7060,
7061,Flute
7062,
7063,
7064,
7065,
7066,
7067,
7068,
7069,
7070,
7071,
7072,
7073,
7074,
7075,Frenchhorn
7076,
7077,
7078,Flute
7079,Bassoon
7080,
7081,
7082,
7083,
7084,
7085,
7086,
7087,
7088,
7089,
7090,
7091,Bassoon
7092,Flute
7093,
7094,
7095,
7096,
7097,Flute
7098,
7099,
7100,
7101,
7102,
7103,Bassoon
7104,
7105,
7106,
7107,
7108,
7109,
7110,
7111,
7112,
7113,
7114,Bassoon
7115,Flute
7116,
7117,Flute
7118,
7119,
7120,
7121,
7122,
7123,
7124,
7125,
7126,
7127,
7128,
7129,
7130,
7131,Bassoon
7132,
7133,
7134,Flute
7135,
7136,
7137,
7138,
7139,
7140,SynthBass
7141,
7142,Frenchhorn
7143,
7144,SynthBass
7145,
7146,
7147,Piccolo
7148,Bassoon
7149,
7150,
7151,
7152,SynthBass
7153,
7154,
7155,
7156,
7157,
7158,
7159,Piccolo
7160,
7161,
7162,
7163,
7164,Flute
7165,Flute
7166,
7167,Flute
7168,Frenchhorn
7169,Bassoon
7170,
7171,
7172,
7173,
7174,
7175,
7176,Bassoon
7177,Flute
7178,
7179,
7180,
7181,
7182,
7183,
7184,
7185,
7186,
7187,
7188,
7189,
7190,
7191,
7192,
7193,Flute
7194,
7195,
7196,Flute
7197,Flute
7198,
7199,Flute
7200,
7201,
7202,Bassoon
7203,Piccolo
7204,
7205,EnglishHorn
7206,Flute
7207,Bassoon
7208,SynthBass
7209,
7210,
7211,Flute
7212,
7213,
7214,Bassoon
7215,
7216,
7217,
7218,
7219,EnglishHorn
7220,
7221,
7222,
7223,
7224,
7225,
7226,
7227,
7228,
7229,
7230,
7231,
7232,
7233,
7234,
7235,EnglishHorn
7236,Frenchhorn
7237,
7238,
7239,
7240,
7241,
7242,Bassoon
7243,
7244,Frenchhorn
7245,
7246,Bassoon
7247,
7248,Bassoon
7249,
7250,
7251,
7252,
7253,Frenchhorn
7254,Bassoon
7255,
7256,
7257,
7258,
7259,Flute
7260,Flute
7261,
7262,Flute
7263,Bassoon
7264,Flute
7265,Bassoon
7266,
7267,
7268,Frenchhorn
7269,
7270,
7271,
7272,
7273,
7274,
7275,
7276,
7277,Flute
7278,
7279,
7280,
7281,
7282,
7283,SynthBass
7284,
7285,
7286,Bassoon
7287,
7288,
7289,
7290,Bassoon
7291,
7292,
7293,Bassoon
7294,
7295,
7296,Bassoon
7297,Bassoon
7298,Frenchhorn
7299,
7300,Bassoon
7301,
7302,
7303,
7304,
7305,
7306,
7307,
7308,
7309,Piccolo
7310,Piccolo
7311,
7312,
7313,
7314,
7315,
7316,Piccolo
7317,
7318,Flute
7319,
7320,EnglishHorn
7321,
7322,Frenchhorn
7323,
7324,
7325,Bassoon
7326,
7327,
7328,
7329,
7330,
7331,
7332,
7333,
7334,
7335,
7336,
7337,Flute
7338,
7339,Flute
7340,Flute
7341,
7342,
7343,
7344,
7345,
7346,
7347,Bassoon
7348,Flute
7349,Piccolo
7350,Piccolo
7351,
7352,
7353,
7354,
7355,
7356,
7357,
7358,
7359,
7360,
7361,
7362,
7363,Flute
7364,
7365,
7366,
7367,Frenchhorn
7368,
7369,Bassoon
7370,Frenchhorn
7371,
7372,
7373,Flute
7374,Bassoon
7375,Bassoon
7376,
7377,
7378,
7379,Piccolo
7380,
7381,
7382,Piccolo
7383,
7384,Piccolo
7385,SynthBass
7386,
7387,EnglishHorn
7388,Bassoon
7389,Flute
7390,Flute
7391,
7392,
7393,
7394,
7395,Flute
7396,
7397,
7398,
7399,
7400,EnglishHorn
7401,
7402,
7403,
7404,
7405,
7406,Bassoon
7407,
7408,
7409,Bassoon
7410,
7411,
7412,
7413,
7414,
7415,Frenchhorn
7416,
7417,
7418,Bassoon
7419,Flute
7420,
7421,Flute
7422,
7423,
7424,
7425,
7426,Flute
7427,
7428,
7429,
7430,
7431,
7432,Frenchhorn
7433,
7434,
7435,
7436,Flute
7437,
7438,
7439,
7440,
7441,
7442,
7443,
7444,
7445,
7446,Flute
7447,
7448,SynthBass
7449,Frenchhorn
7450,
7451,
7452,
7453,Frenchhorn
7454,Flute
7455,Piccolo
7456,
7457,Piccolo
7458,Bassoon
7459,Flute
7460,Bassoon
7461,
7462,
7463,EnglishHorn
7464,Frenchhorn
7465,
7466,
7467,Bassoon
7468,
7469,
7470,
7471,
7472,
7473,Bassoon
7474,
7475,
7476,
7477,
7478,
7479,
7480,Flute
7481,
7482,
7483,
7484,
7485,Flute
7486,Flute
7487,
7488,Bassoon
7489,
7490,Bassoon
7491,
7492,
7493,Piccolo
7494,
7495,Frenchhorn
7496,
7497,
7498,
7499,
7500,Bassoon
7501,
7502,SynthBass
7503,
7504,Flute
7505,
7506,
7507,EnglishHorn
7508,
7509,
7510,
7511,
7512,
7513,
7514,Frenchhorn
7515,
7516,
7517,
7518,
7519,
7520,
7521,
7522,
7523,
7524,
7525,
7526,
7527,Flute
7528,Bassoon
7529,
7530,
7531,
7532,
7533,
7534,Flute
7535,
7536,
7537,
7538,
7539,
7540,
7541,
7542,Flute
7543,
7544,
7545,
7546,
7547,
7548,
7549,
7550,
7551,
7552,
7553,
7554,
7555,
7556,
7557,
7558,
7559,
7560,SynthBass
7561,
7562,Bassoon
7563,
7564,
7565,
7566,
7567,
7568,
7569,
7570,
7571,
7572,
7573,
7574,
7575,
7576,
7577,
7578,
7579,Bassoon
7580,
7581,Flute
7582,Flute
7583,Flute
7584,SynthBass
7585,Flute
7586,
7587,
7588,
7589,
7590,
7591,Frenchhorn
7592,
7593,
7594,
7595,Bassoon
7596,
7597,Frenchhorn
7598,
7599,
7600,
7601,
7602,Flute
7603,
7604,
7605,Bassoon
7606,Bassoon
7607,
7608,
7609,
7610,Flute
7611,
7612,
7613,
7614,
7615,
7616,
7617,
7618,
7619,
7620,
7621,Bassoon
7622,
7623,
7624,
7625,
7626,Piccolo
7627,
7628,
7629,
7630,Bassoon
7631,Piccolo
7632,
7633,Flute
7634,Piccolo
7635,Bassoon
7636,Flute
7637,
7638,
7639,
7640,
7641,
7642,
7643,
7644,Piccolo
7645,
7646,Piccolo
7647,
7648,
7649,
7650,
7651,
7652,Frenchhorn
7653,Flute
7654,
7655,EnglishHorn
7656,SynthBass
7657,
7658,
7659,
7660,
7661,
7662,
7663,
7664,
7665,Piccolo
7666,
7667,
7668,Bassoon
7669,
7670,Piccolo
7671,
7672,
7673,
7674,
7675,
7676,
7677,
7678,
7679,
7680,Frenchhorn
7681,
7682,
7683,
7684,
7685,
7686,
7687,Bassoon
7688,Flute
7689,
7690,
7691,Flute
7692,Frenchhorn
7693,Piccolo
7694,Flute
7695,
7696,
7697,
7698,
7699,Flute
7700,
7701,
7702,EnglishHorn
7703,
7704,
7705,
7706,
7707,
7708,
7709,Bassoon
7710,
7711,
7712,
7713,EnglishHorn
7714,Piccolo
7715,
7716,
7717,
7718,Flute
7719,
7720,
7721,Bassoon
7722,
7723,
7724,Flute
7725,
7726,
7727,Piccolo
7728,
7729,Bassoon
7730,
7731,
7732,
7733,
7734,Bassoon
7735,
7736,
7737,
7738,
7739,
7740,
7741,
7742,
7743,
7744,
7745,Flute
7746,
7747,Frenchhorn
7748,
7749,Flute
7750,
7751,Flute
7752,
7753,Bassoon
7754,Frenchhorn
7755,
7756,
7757,
7758,Bassoon
7759,
7760,
7761,
7762,
7763,EnglishHorn
7764,
7765,
7766,
7767,Flute
7768,Bassoon
7769,
7770,
7771,
7772,Bassoon
7773,
7774,
7775,Bassoon
7776,EnglishHorn
7777,Bassoon
7778,
7779,Flute
7780,
7781,
7782,
7783,Piccolo
7784,
7785,
7786,
7787,Frenchhorn
7788,
7789,
7790,Flute
7791,Flute
7792,Flute
7793,
7794,
7795,
7796,SynthBass
7797,
7798,
7799,
7800,
7801,
7802,
7803,
7804,
7805,
7806,Bassoon
7807,Flute
7808,
7809,SynthBass
7810,
7811,Flute
7812,
7813,
7814,
7815,Bassoon
7816,Flute
7817,EnglishHorn
7818,
7819,
7820,Flute
7821,Bassoon
7822,Bassoon
7823,
7824,Bassoon
7825,
7826,Frenchhorn
7827,
7828,Flute
7829,
7830,Flute
7831,
7832,
7833,Bassoon
7834,
7835,
7836,Flute
7837,
7838,
7839,
7840,SynthBass
7841,
7842,
7843,
7844,EnglishHorn
7845,
7846,
7847,
7848,Bassoon
7849,Flute
7850,
7851,
7852,
7853,
7854,
7855,
7856,Bassoon
7857,
7858,Bassoon
7859,Piccolo
7860,
7861,Frenchhorn
7862,Flute
7863,
7864,Bassoon
7865,
7866,Flute
7867,
7868,
7869,
7870,
7871,
7872,Frenchhorn
7873,Flute
7874,Flute
7875,Bassoon
7876,
7877,
7878,Piccolo
7879,
7880,
7881,
7882,
7883,
7884,
7885,
7886,
7887,
7888,
7889,
7890,Flute
7891,EnglishHorn
7892,
7893,Flute
7894,Flute
7895,Bassoon
7896,Flute
7897,EnglishHorn
7898,
7899,EnglishHorn
7900,
7901,
7902,Piccolo
7903,
7904,
7905,
7906,
7907,
7908,
7909,
7910,
7911,
7912,
7913,
7914,
7915,
7916,
7917,Flute
7918,
7919,
7920,
7921,
7922,
7923,
7924,Flute
7925,
7926,
7927,
7928,
7929,
7930,Bassoon
7931,
7932,
7933,
7934,Frenchhorn
7935,Flute
7936,
7937,Piccolo
7938,
7939,
7940,
7941,Flute
7942,
7943,
7944,
7945,
7946,
7947,EnglishHorn
7948,Flute
7949,
7950,
7951,
7952,
7953,
7954,
7955,
7956,
7957,
7958,Flute
7959,
7960,
7961,
7962,
7963,
7964,
7965,
7966,
7967,Bassoon
7968,
7969,Bassoon
7970,
7971,Piccolo
7972,
7973,
7974,
7975,SynthBass
7976,
7977,
7978,
7979,
7980,
7981,Bassoon
7982,
7983,
7984,
7985,Piccolo
7986,
7987,Flute
7988,
7989,
7990,
7991,
7992,Piccolo
7993,
7994,
7995,
7996,
7997,
7998,
7999,
8000,Flute
8001,
8002,
8003,
8004,
8005,
8006,
8007,
8008,
8009,
8010,
8011,SynthBass
8012,
8013,Piccolo
8014,Flute
8015,
8016,
8017,
8018,EnglishHorn
8019,Frenchhorn
8020,
8021,
8022,
8023,
8024,
8025,
8026,
8027,Flute
8028,
8029,
8030,
8031,
8032,
8033,Bassoon
8034,
8035,Frenchhorn
8036,
8037,SynthBass
8038,Bassoon
8039,Flute
8040,
8041,
8042,
8043,Piccolo
8044,
8045,
8046,
8047,
8048,
8049,
8050,Bassoon
8051,Bassoon
8052,Frenchhorn
8053,Flute
8054,
8055,
8056,
8057,
8058,Piccolo
8059,
8060,
8061,
8062,
8063,Bassoon
8064,Piccolo
8065,
8066,
8067,Piccolo
8068,
8069,
8070,
8071,Bassoon
8072,
8073,
8074,
8075,
8076,
8077,
8078,
8079,
8080,Flute
8081,
8082,
8083,
8084,Piccolo
8085,
8086,
8087,Flute
8088,
8089,Flute
8090,
8091,
8092,
8093,Bassoon
8094,
8095,
8096,Bassoon
8097,Flute
8098,
8099,
8100,
8101,
8102,
8103,
8104,
8105,
8106,
8107,
8108,
8109,Piccolo
8110,
8111,
8112,Frenchhorn
8113,Flute
8114,Flute
8115,
8116,
8117,
8118,
8119,
8120,
8121,
8122,Flute
8123,
8124,
8125,
8126,
8127,
8128,
8129,
8130,
8131,Flute
8132,Frenchhorn
8133,
8134,
8135,
8136,
8137,Flute
8138,
8139,Bassoon
8140,
8141,
8142,
8143,Flute
8144,Flute
8145,
8146,
8147,
8148,
8149,
8150,
8151,
8152,Flute
8153,
8154,
8155,Bassoon
8156,
8157,
8158,
8159,
8160,
8161,Flute
8162,
8163,
8164,
8165,
8166,
8167,Bassoon
8168,Bassoon
8169,
8170,
8171,
8172,
8173,EnglishHorn
8174,
8175,
8176,
8177,
8178,
8179,
8180,Bassoon
8181,
8182,
8183,
8184,
8185,
8186,
8187,
8188,
8189,
8190,
8191,
8192,
8193,Frenchhorn
8194,
8195,
8196,
8197,
8198,
8199,
8200,EnglishHorn
8201,Frenchhorn
8202,
8203,Bassoon
8204,
8205,
8206,
8207,Frenchhorn
8208,
8209,
8210,Flute
8211,Flute
8212,
8213,
8214,
8215,Bassoon
8216,
8217,
8218,
8219,
8220,
8221,
8222,
8223,
8224,
8225,Flute
8226,SynthBass
8227,Flute
8228,Flute
8229,
8230,
8231,
8232,
8233,Frenchhorn
8234,Bassoon
8235,
8236,
8237,
8238,Bassoon
8239,
8240,
8241,Bassoon
8242,
8243,
8244,
8245,
8246,
8247,
8248,Piccolo
8249,
8250,
8251,Bassoon
8252,
8253,
8254,
8255,
8256,
8257,
8258,
8259,
8260,Piccolo
8261,
8262,Frenchhorn
8263,
8264,
8265,
8266,
8267,Flute
8268,
8269,
8270,
8271,
8272,
8273,
8274,
8275,
8276,
8277,Flute
8278,Frenchhorn
8279,Flute
8280,
8281,
8282,
8283,
8284,Frenchhorn
8285,
8286,
8287,
8288,Bassoon
8289,
8290,
8291,
8292,
8293,EnglishHorn
8294,
8295,
8296,
8297,
8298,
8299,
8300,Bassoon
8301,Frenchhorn
8302,
8303,
8304,
8305,Flute
8306,Piccolo
8307,
8308,
8309,
8310,
8311,
8312,
8313,
8314,Bassoon
8315,
8316,
8317,
8318,
8319,
8320,
8321,
8322,
8323,
8324,
8325,
8326,
8327,
8328,Frenchhorn
8329,Flute
8330,
8331,
8332,Bassoon
8333,
8334,Piccolo
8335,
8336,
8337,
8338,
8339,
8340,Bassoon
8341,
8342,
8343,
8344,
8345,
8346,
8347,
8348,
8349,
8350,
8351,Flute
8352,
8353,
8354,
8355,
8356,
8357,
8358,
8359,EnglishHorn
8360,
8361,Frenchhorn
8362,Flute
8363,
8364,
8365,
8366,
8367,
8368,
8369,
8370,EnglishHorn
8371,
8372,
8373,EnglishHorn
8374,
8375,
8376,
8377,
8378,
8379,
8380,Piccolo
8381,Bassoon
8382,
8383,
8384,
8385,
8386,Flute
8387,Bassoon
8388,Flute
8389,
8390,
8391,
8392,
8393,Bassoon
8394,
8395,
8396,
8397,Piccolo
8398,
8399,
8400,Piccolo
8401,Flute
8402,
8403,
8404,
8405,Flute
8406,Bassoon
8407,
8408,
8409,EnglishHorn
8410,Piccolo
8411,
8412,EnglishHorn
8413,
8414,
8415,
8416,Flute
8417,
8418,
8419,
8420,EnglishHorn
8421,
8422,
8423,
8424,Piccolo
8425,
8426,
8427,Frenchhorn
8428,Flute
8429,Bassoon
8430,EnglishHorn
8431,
8432,
8433,
8434,
8435,
8436,Flute
8437,
8438,Frenchhorn
8439,
8440,
8441,
8442,
8443,
8444,
8445,Bassoon
8446,
8447,Flute
8448,Bassoon
8449,
8450,
8451,
8452,
8453,
8454,EnglishHorn
8455,Flute
8456,
8457,
8458,
8459,Bassoon
8460,
8461,
8462,
8463,Flute
8464,
8465,
8466,EnglishHorn
8467,
8468,
8469,
8470,EnglishHorn
8471,
8472,
8473,
8474,
8475,
8476,
8477,
8478,Frenchhorn
8479,
8480,
8481,
8482,Flute
8483,
8484,
8485,
8486,
8487,
8488,
8489,Frenchhorn
8490,
8491,
8492,Frenchhorn
8493,Bassoon
8494,
8495,
8496,
8497,
8498,
8499,
8500,
8501,
8502,
8503,
8504,
8505,
8506,
8507,
8508,
8509,
8510,
8511,
8512,
8513,
8514,
8515,
8516,EnglishHorn
8517,
8518,Flute
8519,Frenchhorn
8520,
8521,
8522,Piccolo
8523,
8524,
8525,
8526,
8527,
8528,
8529,
8530,Flute
8531,
8532,
8533,
8534,
8535,
8536,
8537,Flute
8538,
8539,
8540,
8541,
8542,
8543,Bassoon
8544,Bassoon
8545,
8546,Bassoon
8547,Bassoon
8548,Frenchhorn
8549,
8550,Flute
8551,
8552,Bassoon
8553,
8554,
8555,
8556,Flute
8557,
8558,Bassoon
8559,Piccolo
8560,
8561,
8562,
8563,
8564,
8565,
8566,
8567,
8568,Frenchhorn
8569,
8570,
8571,
8572,
8573,
8574,
8575,Flute
8576,SynthBass
8577,
8578,
8579,Flute
8580,
8581,
8582,
8583,Piccolo
8584,
8585,
8586,
8587,
8588,
8589,
8590,
8591,
8592,
8593,
8594,
8595,
8596,
8597,
8598,
8599,
8600,
8601,
8602,
8603,
8604,
8605,
8606,
8607,
8608,
8609,
8610,Flute
8611,
8612,
8613,Piccolo
8614,Flute
8615,
8616,
8617,
8618,
8619,Piccolo
8620,
8621,
8622,Frenchhorn
8623,
8624,EnglishHorn
8625,
8626,
8627,
8628,
8629,
8630,Bassoon
8631,
8632,
8633,
8634,Flute
8635,
8636,
8637,
8638,
8639,
8640,Flute
8641,EnglishHorn
8642,
8643,
8644,
8645,
8646,Flute
8647,
8648,
8649,
8650,
8651,
8652,
8653,
8654,
8655,Flute
8656,Frenchhorn
8657,Bassoon
8658,
8659,
8660,
8661,
8662,
8663,
8664,
8665,Bassoon
8666,Piccolo
8667,Bassoon
8668,Flute
8669,Flute
8670,
8671,
8672,
8673,
8674,
8675,
8676,
8677,
8678,
8679,
8680,
8681,
8682,Frenchhorn
8683,
8684,
8685,
8686,Piccolo
8687,
8688,
8689,
8690,
8691,
8692,
8693,Bassoon
8694,
8695,Flute
8696,
8697,
8698,
8699,
8700,
8701,
8702,
8703,
8704,
8705,Piccolo
8706,
8707,
8708,
8709,Piccolo
8710,
8711,
8712,
8713,Flute
8714,
8715,Piccolo
8716,
8717,Bassoon
8718,
8719,
8720,
8721,
8722,
8723,
8724,
8725,
8726,
8727,
8728,Frenchhorn
8729,Flute
8730,
8731,
8732,
8733,EnglishHorn
8734,
8735,
8736,
8737,
8738,
8739,
8740,Frenchhorn
8741,
8742,
8743,Bassoon
8744,
8745,
8746,Bassoon
8747,
8748,
8749,
8750,
8751,
8752,
8753,Flute
8754,
8755,
8756,
8757,
8758,
8759,
8760,
8761,
8762,
8763,
8764,Flute
8765,
8766,
8767,
8768,
8769,Frenchhorn
8770,
8771,Frenchhorn
8772,
8773,
8774,
8775,Flute
8776,Flute
8777,Bassoon
8778,
8779,
8780,
8781,
8782,
8783,
8784,
8785,Piccolo
8786,
8787,
8788,
8789,
8790,
8791,
8792,Frenchhorn
8793,Flute
8794,
8795,
8796,
8797,
8798,
8799,
8800,
8801,Flute
8802,
8803,Bassoon
8804,
8805,
8806,
8807,
8808,
8809,
8810,Flute
8811,
8812,
8813,
8814,
8815,
8816,
8817,
8818,
8819,
8820,
8821,
8822,EnglishHorn
8823,
8824,Flute
8825,
8826,
8827,
8828,
8829,EnglishHorn
8830,Flute
8831,
8832,
8833,Frenchhorn
8834,
8835,
8836,
8837,
8838,
8839,
8840,
8841,
8842,
8843,
8844,
8845,
8846,Flute
8847,
8848,Piccolo
8849,
8850,
8851,
8852,
8853,
8854,Flute
8855,
8856,Bassoon
8857,
8858,Frenchhorn
8859,Flute
8860,
8861,
8862,Piccolo
8863,
8864,
8865,
8866,Bassoon
8867,
8868,
8869,
8870,Bassoon
8871,
8872,
8873,
8874,Bassoon
8875,
8876,
8877,
8878,
8879,Bassoon
8880,EnglishHorn
8881,
8882,
8883,
8884,
8885,Flute
8886,EnglishHorn
8887,
8888,Flute
8889,
8890,
8891,Flute
8892,
8893,
8894,
8895,
8896,
8897,Bassoon
8898,
8899,
8900,
8901,
8902,Flute
8903,
8904,
8905,
8906,
8907,
8908,EnglishHorn
8909,
8910,
8911,
8912,
8913,
8914,Piccolo
8915,
8916,
8917,
8918,
8919,
8920,
8921,Piccolo
8922,
8923,
8924,
8925,
8926,
8927,
8928,
8929,
8930,Flute
8931,
8932,
8933,
8934,
8935,
8936,
8937,
8938,
8939,
8940,Bassoon
8941,
8942,Bassoon
8943,
8944,
8945,
8946,
8947,Piccolo
8948,
8949,Flute
8950,
8951,Frenchhorn
8952,
8953,
8954,
8955,Flute
8956,Frenchhorn
8957,Flute
8958,
8959,
8960,
8961,
8962,Flute
8963,
8964,
8965,
8966,
8967,Flute
8968,
8969,
8970,
8971,
8972,
8973,
8974,Flute
8975,
8976,
8977,Bassoon
8978,
8979,
8980,
8981,
8982,Flute
8983,
8984,
8985,
8986,
8987,
8988,EnglishHorn
8989,Bassoon
8990,
8991,
8992,
8993,
8994,
8995,
8996,
8997,
8998,
8999,
9000,Flute
9001,
9002,
9003,
9004,
9005,Flute
9006,Flute
9007,Piccolo
9008,
9009,
9010,
9011,
9012,Flute
9013,
9014,Bassoon
9015,
9016,
9017,
9018,
9019,Flute
9020,Piccolo
9021,
9022,Flute
9023,
9024,
9025,Flute
9026,
9027,
9028,
9029,Bassoon
9030,
9031,
9032,
9033,
9034,
9035,
9036,
9037,
9038,
9039,
9040,
9041,Flute
9042,
9043,
9044,Flute
9045,
9046,
9047,
9048,
9049,
9050,
9051,
9052,
9053,
9054,Flute
9055,
9056,
9057,
9058,Bassoon
9059,
9060,
9061,
9062,
9063,Piccolo
9064,
9065,
9066,
9067,Frenchhorn
9068,
9069,Piccolo
9070,
9071,
9072,
9073,
9074,
9075,
9076,Flute
9077,
9078,
9079,
9080,
9081,Flute
9082,
9083,
9084,
9085,Bassoon
9086,
9087,
9088,
9089,
9090,
9091,
9092,
9093,
9094,
9095,
9096,
9097,
9098,Bassoon
9099,
9100,
9101,Bassoon
9102,Bassoon
9103,
9104,
9105,
9106,
9107,
9108,EnglishHorn
9109,
9110,Frenchhorn
9111,
9112,
9113,
9114,
9115,
9116,
9117,
9118,
9119,
9120,
9121,Bassoon
9122,
9123,Flute
9124,
9125,
9126,
9127,
9128,
9129,
9130,
9131,
9132,
9133,
9134,
9135,
9136,Flute
9137,
9138,
9139,
9140,
9141,
9142,
9143,
9144,Bassoon
9145,
9146,
9147,
9148,
9149,
9150,
9151,Piccolo
9152,
9153,
9154,
9155,
9156,
9157,
9158,Bassoon
9159,
9160,
9161,
9162,Frenchhorn
9163,Bassoon
9164,
9165,
9166,Flute
9167,Flute
9168,
9169,
9170,
9171,
9172,
9173,Flute
9174,Piccolo
9175,
9176,Frenchhorn
9177,Frenchhorn
9178,
9179,
9180,
9181,Piccolo
9182,
9183,
9184,
9185,Piccolo
9186,
9187,
9188,EnglishHorn
9189,
9190,Piccolo
9191,EnglishHorn
9192,
9193,
9194,Flute
9195,
9196,
9197,
9198,
9199,Bassoon
9200,
9201,
9202,
9203,Flute
9204,
9205,
9206,
9207,
9208,
9209,
9210,
9211,
9212,
9213,Flute
9214,
9215,
9216,
9217,Piccolo
9218,
9219,
9220,
9221,
9222,Piccolo
9223,
9224,
9225,
9226,
9227,
9228,Flute
9229,
9230,
9231,Flute
9232,Frenchhorn
9233,
9234,
9235,
9236,Bassoon
9237,
9238,Bassoon
9239,
9240,
9241,
9242,Flute
9243,
9244,
9245,SynthBass
9246,
9247,
9248,
9249,Flute
9250,EnglishHorn
9251,
9252,
9253,
9254,EnglishHorn
9255,Bassoon
9256,
9257,
9258,
9259,
9260,
9261,Flute
9262,
9263,Flute
9264,Frenchhorn
9265,
9266,
9267,
9268,Bassoon
9269,Bassoon
9270,Flute
9271,
9272,
9273,Bassoon
9274,
9275,Flute
9276,
9277,
9278,
9279,
9280,
9281,
9282,Flute
9283,
9284,
9285,
9286,
9287,Flute
9288,
9289,
9290,
9291,Bassoon
9292,
9293,
9294,
9295,Flute
9296,Piccolo
9297,
9298,Flute
9299,
9300,
9301,Bassoon
9302,
9303,
9304,
9305,
9306,
9307,
9308,Flute
9309,
9310,
9311,
9312,
9313,EnglishHorn
9314,
9315,
9316,
9317,
9318,
9319,
9320,
9321,
9322,
9323,
9324,
9325,
9326,
9327,
9328,
9329,
9330,SynthBass
9331,
9332,
9333,Flute
9334,Flute
9335,Bassoon
9336,
9337,
9338,
9339,EnglishHorn
9340,
9341,Flute
9342,
9343,
9344,
9345,
9346,
9347,Bassoon
9348,
9349,Bassoon
9350,
9351,Flute
9352,
9353,
9354,
9355,
9356,Flute
9357,
9358,Frenchhorn
9359,
9360,
9361,
9362,
9363,
9364,
9365,
9366,
9367,
9368,
9369,
9370,
9371,
9372,
9373,Bassoon
9374,
9375,
9376,
9377,
9378,
9379,Flute
9380,Bassoon
9381,
9382,
9383,
9384,EnglishHorn
9385,
9386,EnglishHorn
9387,
9388,Frenchhorn
9389,
9390,Flute
9391,
9392,
9393,
9394,
9395,
9396,
9397,
9398,Flute
9399,
9400,
9401,
9402,EnglishHorn
9403,
9404,
9405,
9406,Flute
9407,
9408,
9409,
9410,
9411,
9412,
9413,
9414,
9415,
9416,
9417,Flute
9418,
9419,
9420,Bassoon
9421,
9422,
9423,
9424,Bassoon
9425,
9426,
9427,
9428,
9429,
9430,
9431,
9432,
9433,Flute
9434,Bassoon
9435,
9436,
9437,
9438,
9439,
9440,
9441,
9442,
9443,
9444,
9445,
9446,Flute
9447,
9448,
9449,
9450,
9451,
9452,Flute
9453,
9454,
9455,SynthBass
9456,
9457,
9458,
9459,
9460,
9461,
9462,
9463,
9464,
9465,
9466,Flute
9467,
9468,
9469,Bassoon
9470,
9471,
9472,Flute
9473,EnglishHorn
9474,
9475,
9476,
9477,
9478,
9479,
9480,Frenchhorn
9481,
9482,
9483,
9484,
9485,
9486,
9487,
9488,
9489,Bassoon
9490,
9491,
9492,Flute
9493,
9494,
9495,
9496,
9497,Flute
9498,
9499,Frenchhorn
9500,Flute
9501,Flute
9502,
9503,
9504,
9505,
9506,
9507,Frenchhorn
9508,
9509,
9510,EnglishHorn
9511,
9512,
9513,
9514,Flute
9515,Frenchhorn
9516,
9517,
9518,
9519,
9520,
9521,
9522,
9523,Frenchhorn
9524,Flute
9525,
9526,Bassoon
9527,
9528,
9529,Frenchhorn
9530,
9531,Bassoon
9532,
9533,Flute
9534,
9535,
9536,
9537,
9538,
9539,Frenchhorn
9540,
9541,Bassoon
9542,
9543,
9544,
9545,
9546,
9547,
9548,
9549,
9550,
9551,Flute
9552,Flute
9553,Bassoon
9554,
9555,EnglishHorn
9556,
9557,
9558,Bassoon
9559,
9560,
9561,
9562,SynthBass
9563,
9564,
9565,Flute
9566,
9567,
9568,
9569,
9570,Piccolo
9571,
9572,
9573,
9574,
9575,
9576,
9577,
9578,
9579,
9580,
9581,
9582,
9583,
9584,
9585,
9586,Frenchhorn
9587,Bassoon
9588,
9589,
9590,Bassoon
9591,
9592,Piccolo
9593,
9594,Flute
9595,Frenchhorn
9596,
9597,
9598,
9599,
9600,
9601,
9602,
9603,Piccolo
9604,
9605,
9606,
9607,
9608,
9609,Piccolo
9610,Flute
9611,
9612,Flute
9613,
9614,Frenchhorn
9615,
9616,
9617,Piccolo
9618,
9619,
9620,
9621,
9622,
9623,
9624,
9625,
9626,
9627,Bassoon
9628,
9629,
9630,
9631,Piccolo
9632,Piccolo
9633,
9634,Bassoon
9635,SynthBass
9636,
9637,
9638,Bassoon
9639,
9640,
9641,Flute
9642,
9643,
9644,
9645,
9646,
9647,
9648,Flute
9649,Flute
9650,
9651,
9652,
9653,
9654,
9655,
9656,Bassoon
9657,
9658,
9659,
9660,
9661,SynthBass
9662,
9663,
9664,
9665,
9666,Flute
9667,
9668,
9669,
9670,
9671,Flute
9672,Bassoon
9673,
9674,
9675,Flute
9676,
9677,
9678,
9679,SynthBass
9680,Bassoon
9681,
9682,SynthBass
9683,
9684,
9685,Bassoon
9686,
9687,
9688,
9689,
9690,Bassoon
9691,
9692,
9693,Bassoon
9694,
9695,
9696,
9697,EnglishHorn
9698,Flute
9699,
9700,
9701,
9702,
9703,
9704,
9705,
9706,
9707,
9708,
9709,Bassoon
9710,
9711,
9712,EnglishHorn
9713,
9714,
9715,
9716,
9717,Flute
9718,
9719,
9720,Bassoon
9721,
9722,
9723,Piccolo
9724,
9725,
9726,Bassoon
9727,
9728,Bassoon
9729,Bassoon
9730,
9731,Bassoon
9732,Flute
9733,
9734,
9735,
9736,
9737,Piccolo
9738,Flute
9739,Piccolo
9740,
9741,Flute
9742,
9743,
9744,
9745,Frenchhorn
9746,
9747,
9748,
9749,Flute
9750,
9751,SynthBass
9752,
9753,
9754,
9755,
9756,
9757,
9758,
9759,Bassoon
9760,
9761,
9762,
9763,
9764,Flute
9765,Flute
9766,
9767,Piccolo
9768,
9769,
9770,
9771,
9772,Flute
9773,
9774,Frenchhorn
9775,
9776,
9777,
9778,
9779,
9780,Bassoon
9781,
9782,
9783,
9784,
9785,
9786,
9787,
9788,
9789,
9790,
9791,Bassoon
9792,
9793,
9794,Piccolo
9795,
9796,
9797,
9798,
9799,
9800,
9801,
9802,
9803,
9804,
9805,
9806,Bassoon
9807,Piccolo
9808,
9809,
9810,
9811,
9812,
9813,
9814,
9815,
9816,
9817,
9818,
9819,
9820,Flute
9821,
9822,
9823,
9824,
9825,Bassoon
9826,EnglishHorn
9827,Piccolo
9828,
9829,
9830,
9831,
9832,
9833,
9834,
9835,
9836,
9837,
9838,EnglishHorn
9839,
9840,
9841,SynthBass
9842,
9843,
9844,Piccolo
9845,
9846,Flute
9847,
9848,
9849,
9850,
9851,
9852,
9853,
9854,Frenchhorn
9855,Piccolo
9856,SynthBass
9857,Piccolo
9858,
9859,
9860,
9861,
9862,
9863,
9864,
9865,Flute
9866,
9867,
9868,
9869,Bassoon
9870,Flute
9871,
9872,Flute
9873,Flute
9874,
9875,Bassoon
9876,
9877,Bassoon
9878,
9879,
9880,EnglishHorn
9881,
9882,
9883,
9884,
9885,
9886,Bassoon
9887,EnglishHorn
9888,Piccolo
9889,EnglishHorn
9890,
9891,Bassoon
9892,Flute
9893,
9894,
9895,
9896,
9897,
9898,
9899,
9900,Flute
9901,Piccolo
9902,
9903,Flute
9904,
9905,
9906,
9907,
9908,EnglishHorn
9909,Flute
9910,Piccolo
9911,
9912,
9913,
9914,Flute
9915,
9916,
9917,Flute
9918,
9919,Flute
9920,
9921,
9922,
9923,
9924,
9925,
9926,
9927,
9928,
9929,Frenchhorn
9930,
9931,
9932,Frenchhorn
9933,
9934,
9935,
9936,
9937,Bassoon
9938,
9939,
9940,
9941,Flute
9942,Flute
9943,
9944,
9945,
9946,
9947,Flute
9948,
9949,
9950,Flute
9951,
9952,
9953,
9954,
9955,
9956,
9957,
9958,
9959,Flute
9960,Flute
9961,
9962,
9963,
9964,
9965,
9966,
9967,
9968,Frenchhorn
9969,SynthBass
9970,
9971,
9972,Bassoon
9973,Flute
9974,
9975,
9976,
9977,
9978,
9979,
9980,
9981,Frenchhorn
9982,
9983,Bassoon
9984,
9985,
9986,
9987,
9988,
9989,SynthBass
9990,
9991,Flute
9992,
9993,
9994,
9995,
9996,EnglishHorn
9997,Flute
9998,EnglishHorn
9999,
10000,
10001,Frenchhorn
10002,
10003,Flute
10004,
10005,
10006,
10007,Piccolo
10008,Flute
10009,
10010,Frenchhorn
10011,
10012,
10013,
10014,Bassoon
10015,
10016,
10017,
10018,
10019,Piccolo
10020,
10021,
10022,
10023,
10024,
10025,
10026,
10027,
10028,
10029,
10030,
10031,
10032,Flute
10033,Flute
10034,
10035,
10036,
10037,
10038,
10039,
10040,Bassoon
10041,
10042,
10043,
10044,
10045,
10046,
10047,
10048,Flute
10049,
10050,Frenchhorn
10051,
10052,
10053,
10054,
10055,SynthBass
10056,
10057,
10058,Flute
10059,Bassoon
10060,
10061,
10062,Bassoon
10063,
10064,Flute
10065,
10066,
10067,Flute
10068,
10069,
10070,
10071,
10072,
10073,Flute
10074,
10075,
10076,Frenchhorn
10077,
10078,
10079,
10080,
10081,Flute
10082,
10083,
10084,
10085,
10086,
10087,
10088,Flute
10089,Flute
10090,
10091,
10092,
10093,Piccolo
10094,Bassoon
10095,
10096,
10097,Flute
10098,
10099,Flute
10100,EnglishHorn
10101,Bassoon
10102,
10103,
10104,Bassoon
10105,
10106,
10107,
10108,
10109,
10110,Flute
10111,
10112,
10113,
10114,Bassoon
10115,Flute
10116,
10117,Flute
10118,Flute
10119,Bassoon
10120,
10121,Frenchhorn
10122,
10123,
10124,
10125,
10126,
10127,
10128,
10129,Bassoon
10130,
10131,
10132,
10133,Flute
10134,
10135,
10136,Bassoon
10137,
10138,Frenchhorn
10139,EnglishHorn
10140,
10141,
10142,
10143,
10144,
10145,Flute
10146,
10147,
10148,
10149,Piccolo
10150,
10151,
10152,
10153,Bassoon
10154,
10155,Frenchhorn
10156,
10157,
10158,Frenchhorn
10159,
10160,
10161,
10162,Bassoon
10163,
10164,
10165,
10166,Piccolo
10167,Flute
10168,
10169,
10170,
10171,Flute
10172,
10173,Frenchhorn
10174,Flute
10175,
10176,
10177,Flute
10178,
10179,
10180,
10181,
10182,
10183,Flute
10184,
10185,
10186,
10187,
10188,Flute
10189,
10190,
10191,
10192,
10193,EnglishHorn
10194,
10195,
10196,
10197,Bassoon
10198,
10199,
10200,
10201,Bassoon
10202,Bassoon
10203,
10204,
10205,
10206,
10207,
10208,
10209,
10210,
10211,Frenchhorn
10212,
10213,
10214,
10215,
10216,Frenchhorn
10217,Piccolo
10218,
10219,
10220,
10221,Flute
10222,
10223,
10224,Piccolo
10225,Flute
10226,Frenchhorn
10227,
10228,
10229,
10230,
10231,
10232,
10233,
10234,
10235,
10236,
10237,Bassoon
10238,
10239,
10240,Flute
10241,
10242,Flute
10243,
10244,
10245,
10246,
10247,
10248,
10249,
10250,
10251,Flute
10252,
10253,
10254,
10255,
10256,
10257,
10258,
10259,
10260,
10261,Frenchhorn
10262,Piccolo
10263,
10264,
10265,SynthBass
10266,
10267,
10268,Bassoon
10269,
10270,Frenchhorn
10271,
10272,
10273,
10274,
10275,
10276,Piccolo
10277,Flute
10278,
10279,
10280,Flute
10281,
10282,
10283,
10284,Bassoon
10285,
10286,
10287,
10288,
10289,
10290,
10291,
10292,
10293,
10294,
10295,Flute
10296,Flute
10297,
10298,
10299,
10300,
10301,
10302,
10303,
10304,
10305,
10306,
10307,
10308,
10309,
10310,
10311,Flute
10312,
10313,
10314,
10315,
10316,
10317,
10318,
10319,
10320,
10321,
10322,
10323,
10324,
10325,Bassoon
10326,
10327,
10328,Piccolo
10329,Frenchhorn
10330,
10331,Frenchhorn
10332,SynthBass
10333,
10334,
10335,
10336,
10337,
10338,
10339,
10340,
10341,
10342,
10343,
10344,
10345,
10346,
10347,
10348,
10349,
10350,
10351,
10352,
10353,
10354,
10355,Flute
10356,
10357,
10358,EnglishHorn
10359,
10360,
10361,Flute
10362,Bassoon
10363,
10364,
10365,
10366,
10367,
10368,EnglishHorn
10369,
10370,Bassoon
10371,
10372,Bassoon
10373,Piccolo
10374,
10375,
10376,Piccolo
10377,
10378,
10379,
10380,Flute
10381,
10382,
10383,
10384,
10385,
10386,
10387,
10388,
10389,
10390,Bassoon
10391,
10392,
10393,Flute
10394,Bassoon
10395,
10396,EnglishHorn
10397,
10398,
10399,
10400,Flute
10401,
10402,Frenchhorn
10403,
10404,
10405,
10406,
10407,
10408,
10409,Flute
10410,Bassoon
10411,
10412,
10413,
10414,Piccolo
10415,Flute
10416,
10417,
10418,
10419,
10420,
10421,
10422,
10423,
10424,Flute
10425,EnglishHorn
10426,Flute
10427,
10428,
10429,Flute
10430,
10431,
10432,
10433,
10434,
10435,
10436,
10437,
10438,Bassoon
10439,
10440,
10441,
10442,
10443,
10444,
10445,Flute
10446,
10447,
10448,
10449,
10450,
10451,
10452,
10453,
10454,
10455,SynthBass
10456,
10457,Piccolo
10458,
10459,
10460,
10461,
10462,
10463,
10464,
10465,
10466,Bassoon
10467,
10468,
10469,
10470,
10471,
10472,
10473,
10474,Flute
10475,
10476,
10477,
10478,
10479,
10480,
10481,
10482,
10483,Piccolo
10484,
10485,
10486,
10487,
10488,
10489,Flute
10490,Flute
10491,
10492,
10493,EnglishHorn
10494,
10495,
10496,
10497,
10498,
10499,Flute
10500,Bassoon
10501,Flute
10502,
10503,
10504,Bassoon
10505,Piccolo
10506,
10507,
10508,Piccolo
10509,Bassoon
10510,
10511,Bassoon
10512,
10513,
10514,
10515,Flute
10516,Flute
10517,EnglishHorn
10518,Frenchhorn
10519,
10520,
10521,Bassoon
10522,
10523,
10524,
10525,
10526,EnglishHorn
10527,Flute
10528,
10529,Flute
10530,
10531,
10532,Piccolo
10533,
10534,
10535,
10536,
10537,
10538,
10539,
10540,Bassoon
10541,
10542,
10543,
10544,Flute
10545,
10546,
10547,
10548,Bassoon
10549,Bassoon
10550,Frenchhorn
10551,
10552,Flute
10553,
10554,Flute
10555,
10556,
10557,
10558,
10559,
10560,
10561,
10562,
10563,
10564,
10565,
10566,
10567,
10568,Frenchhorn
10569,
10570,
10571,Flute
10572,Bassoon
10573,
10574,
10575,
10576,
10577,
10578,
10579,
10580,
10581,
10582,
10583,
10584,Bassoon
10585,Flute
10586,
10587,
10588,
10589,
10590,Flute
10591,
10592,
10593,
10594,
10595,
10596,Bassoon
10597,
10598,
10599,
10600,
10601,
10602,
10603,
10604,
10605,
10606,
10607,Bassoon
10608,Flute
10609,
10610,Flute
10611,
10612,
10613,
10614,
10615,
10616,
10617,
10618,
10619,
10620,
10621,
10622,
10623,
10624,Bassoon
10625,
10626,
10627,Flute
10628,
10629,
10630,
10631,
10632,
10633,SynthBass
10634,
10635,Frenchhorn
10636,
10637,SynthBass
10638,
10639,
10640,Piccolo
10641,Bassoon
10642,
10643,
10644,
10645,SynthBass
10646,
10647,
10648,
10649,
10650,
10651,
10652,Piccolo
10653,
10654,
10655,
10656,
10657,Flute
10658,Flute
10659,
10660,Flute
10661,Frenchhorn
10662,Bassoon
10663,
10664,
10665,
10666,
10667,
10668,
10669,Bassoon
10670,Flute
10671,
10672,
10673,
10674,
10675,
10676,
10677,
10678,
10679,
10680,
10681,
10682,
10683,
10684,
10685,
10686,Flute
10687,
10688,
10689,Flute
10690,Flute
10691,
10692,Flute
10693,
10694,
10695,Bassoon
10696,Piccolo
10697,
10698,EnglishHorn
10699,Flute
10700,Bassoon
10701,SynthBass
10702,
10703,
10704,Flute
10705,
10706,
10707,Bassoon
10708,
10709,
10710,
10711,
10712,EnglishHorn
10713,
10714,
10715,
10716,
10717,
10718,
10719,
10720,
10721,
10722,
10723,
10724,
10725,
10726,
10727,
10728,EnglishHorn
10729,Frenchhorn
10730,
10731,
10732,
10733,
10734,
10735,Bassoon
10736,
10737,Frenchhorn
10738,
10739,Bassoon
10740,
10741,Bassoon
10742,
10743,
10744,
10745,
10746,Frenchhorn
10747,Bassoon
10748,
10749,
10750,
10751,
10752,Flute
10753,Flute
10754,
10755,Flute
10756,Bassoon
10757,Flute
10758,Bassoon
10759,
10760,
10761,Frenchhorn
10762,
10763,
10764,
10765,
10766,
10767,
10768,
10769,
10770,Flute
10771,
10772,
10773,
10774,
10775,
10776,SynthBass
10777,
10778,
10779,Bassoon
10780,
10781,
10782,
10783,Bassoon
10784,
10785,
10786,Bassoon
10787,
10788,
10789,Bassoon
10790,Bassoon
10791,Frenchhorn
10792,
10793,Bassoon
10794,
10795,
10796,
10797,
10798,
10799,
10800,
10801,
10802,Piccolo
10803,Piccolo
10804,
10805,
10806,
10807,
10808,
10809,Piccolo
10810,
10811,Flute
10812,
10813,EnglishHorn
10814,
10815,Frenchhorn
10816,
10817,
10818,Bassoon
10819,
10820,
10821,
10822,
10823,
10824,
10825,
10826,
10827,
10828,
10829,
10830,Flute
10831,
10832,Flute
10833,Flute
10834,
10835,
10836,
10837,
10838,
10839,
10840,Bassoon
10841,Flute
10842,Piccolo
10843,Piccolo
10844,
10845,
10846,
10847,
10848,
10849,
10850,
10851,
10852,
10853,
10854,
10855,
10856,Flute
10857,
10858,
10859,
10860,Frenchhorn
10861,
10862,Bassoon
10863,Frenchhorn
10864,
10865,
10866,Flute
10867,Bassoon
10868,Bassoon
10869,
10870,
10871,
10872,Piccolo
10873,
10874,
10875,Piccolo
10876,
10877,Piccolo
10878,SynthBass
10879,
10880,EnglishHorn
10881,Bassoon
10882,Flute
10883,Flute
10884,
10885,
10886,
10887,
10888,Flute
10889,
10890,
10891,
10892,
10893,EnglishHorn
10894,
10895,
10896,
10897,
10898,
10899,Bassoon
10900,
10901,
10902,Bassoon
10903,
10904,
10905,
10906,
10907,
10908,Frenchhorn
10909,
10910,
10911,Bassoon
10912,Flute
10913,
10914,Flute
10915,
10916,
10917,
10918,
10919,Flute
10920,
10921,
10922,
10923,
10924,
10925,Frenchhorn
10926,
10927,
10928,
10929,Flute
10930,
10931,
10932,
10933,
10934,
10935,
10936,
10937,
10938,
10939,Flute
10940,
10941,SynthBass
10942,Frenchhorn
10943,
10944,
10945,
10946,Frenchhorn
10947,Flute
10948,Piccolo
10949,
10950,Piccolo
10951,Bassoon
10952,Flute
10953,Bassoon
10954,
10955,
10956,EnglishHorn
10957,Frenchhorn
10958,
10959,
10960,Bassoon
10961,
10962,
10963,
10964,
10965,
10966,Bassoon
10967,
10968,
10969,
10970,
10971,
10972,
10973,Flute
10974,
10975,
10976,
10977,
10978,Flute
10979,Flute
10980,
10981,Bassoon
10982,
10983,Bassoon
10984,
10985,
10986,Piccolo
10987,
10988,Frenchhorn
10989,
10990,
10991,
10992,
10993,Bassoon
10994,
10995,SynthBass
10996,
10997,Flute
10998,
10999,
11000,EnglishHorn